-- phpMyAdmin SQL Dump
-- version 5.0.1
-- https://www.phpmyadmin.net/
--
-- Хост: 127.0.0.1
-- Время создания: Фев 13 2020 г., 19:55
-- Версия сервера: 10.4.11-MariaDB
-- Версия PHP: 7.3.14

SET SQL_MODE = "NO_AUTO_VALUE_ON_ZERO";
SET AUTOCOMMIT = 0;
START TRANSACTION;
SET time_zone = "+00:00";


/*!40101 SET @OLD_CHARACTER_SET_CLIENT=@@CHARACTER_SET_CLIENT */;
/*!40101 SET @OLD_CHARACTER_SET_RESULTS=@@CHARACTER_SET_RESULTS */;
/*!40101 SET @OLD_COLLATION_CONNECTION=@@COLLATION_CONNECTION */;
/*!40101 SET NAMES utf8mb4 */;

--
-- База данных: `prekyba`
--

-- --------------------------------------------------------

--
-- Структура таблицы `balanso_lentele`
--

CREATE TABLE `balanso_lentele` (
  `id` int(10) UNSIGNED NOT NULL,
  `menuo` int(10) UNSIGNED NOT NULL,
  `id_prekes` int(10) UNSIGNED NOT NULL,
  `id_prekiu_grupes` int(10) UNSIGNED NOT NULL,
  `id_rinkos` int(10) UNSIGNED NOT NULL,
  `kiekis_gauta` int(11) DEFAULT NULL,
  `suma_gauta` decimal(12,2) UNSIGNED DEFAULT NULL,
  `kiekis_parduota` int(11) DEFAULT NULL,
  `suma_parduota` decimal(12,2) UNSIGNED DEFAULT NULL
) ENGINE=InnoDB DEFAULT CHARSET=utf8mb4;

--
-- Дамп данных таблицы `balanso_lentele`
--

INSERT INTO `balanso_lentele` (`id`, `menuo`, `id_prekes`, `id_prekiu_grupes`, `id_rinkos`, `kiekis_gauta`, `suma_gauta`, `kiekis_parduota`, `suma_parduota`) VALUES
(1, 201301, 1, 1, 0, 21000, '816300.00', 437, '66834.78'),
(2, 201302, 1, 1, 0, 3800, '201400.00', 241, '26170.19'),
(3, 201303, 1, 1, 0, 13400, '506900.00', 763, '49076.16'),
(4, 201304, 1, 1, 0, 6500, '221000.00', 89, '13990.80'),
(5, 201305, 1, 1, 0, 6300, '80700.00', 1002, '22094.10'),
(6, 201306, 1, 1, 0, NULL, NULL, 2954, '100250.43'),
(7, 201307, 1, 1, 0, NULL, NULL, NULL, NULL),
(8, 201308, 1, 1, 0, 3300, '225700.00', NULL, NULL),
(9, 201309, 1, 1, 0, 11900, '375000.00', 12155, '825894.21'),
(10, 201310, 1, 1, 0, 5900, '141600.00', 7278, '520295.07'),
(11, 201311, 1, 1, 0, NULL, NULL, NULL, NULL),
(12, 201301, 2, 1, 0, 11100, '779700.00', 3082, '553712.12'),
(13, 201302, 2, 1, 0, 9700, '795400.00', NULL, NULL),
(14, 201303, 2, 1, 0, 1700, '35700.00', 691, '33769.17'),
(15, 201304, 2, 1, 0, 2400, '12000.00', NULL, NULL),
(16, 201305, 2, 1, 0, 7900, '512600.00', 515, '5448.70'),
(17, 201306, 2, 1, 0, 26300, '1977100.00', 4626, '456042.22'),
(18, 201307, 2, 1, 0, NULL, NULL, 9170, '1177035.49'),
(19, 201308, 2, 1, 0, 8500, '371700.00', 11710, '1215027.49'),
(20, 201309, 2, 1, 0, NULL, NULL, 11682, '1242803.72'),
(21, 201310, 2, 1, 0, 12300, '807200.00', 9959, '1418607.07'),
(22, 201311, 2, 1, 0, NULL, NULL, 3229, '249989.39'),
(23, 201301, 3, 1, 0, 18000, '1372000.00', NULL, NULL),
(24, 201302, 3, 1, 0, 6900, '586500.00', 972, '159291.36'),
(25, 201303, 3, 1, 0, 41500, '1981800.00', NULL, NULL),
(26, 201304, 3, 1, 0, NULL, NULL, 2918, '328147.49'),
(27, 201305, 3, 1, 0, 5500, '425700.00', 3385, '558487.36'),
(28, 201306, 3, 1, 0, 28600, '1160000.00', 8724, '999937.73'),
(29, 201307, 3, 1, 0, 18100, '930000.00', 9396, '1032654.23'),
(30, 201308, 3, 1, 0, 12100, '628400.00', 16621, '2182724.87'),
(31, 201309, 3, 1, 0, 11700, '651000.00', 16031, '2610851.93'),
(32, 201310, 3, 1, 0, 25600, '839300.00', 27698, '2056452.43'),
(33, 201311, 3, 1, 0, NULL, NULL, 8523, '338314.03'),
(34, 201301, 4, 1, 0, 3700, '88100.00', NULL, NULL),
(35, 201302, 4, 1, 0, NULL, NULL, NULL, NULL),
(36, 201303, 4, 1, 0, 8000, '424000.00', NULL, NULL),
(37, 201304, 4, 1, 0, 10800, '660400.00', 1251, '121046.76'),
(38, 201305, 4, 1, 0, NULL, NULL, NULL, NULL),
(39, 201306, 4, 1, 0, 7000, '581000.00', NULL, NULL),
(40, 201307, 4, 1, 0, NULL, NULL, 1419, '239328.54'),
(41, 201308, 4, 1, 0, 7700, '646800.00', 5357, '566162.68'),
(42, 201309, 4, 1, 0, NULL, NULL, 3716, '719620.26'),
(43, 201310, 4, 1, 0, 7500, '520900.00', 8070, '1026458.37'),
(44, 201311, 4, 1, 0, NULL, NULL, 925, '58265.75'),
(45, 201301, 5, 1, 0, 14000, '1049100.00', NULL, NULL),
(46, 201302, 5, 1, 0, 9500, '209000.00', NULL, NULL),
(47, 201303, 5, 1, 0, 17600, '996600.00', 1913, '96070.86'),
(48, 201304, 5, 1, 0, NULL, NULL, 5, '562.95'),
(49, 201305, 5, 1, 0, 12600, '430100.00', NULL, NULL),
(50, 201306, 5, 1, 0, NULL, NULL, NULL, NULL),
(51, 201307, 5, 1, 0, NULL, NULL, 3233, '513933.93'),
(52, 201308, 5, 1, 0, 8400, '431200.00', 8677, '1179563.61'),
(53, 201309, 5, 1, 0, 9800, '382200.00', 6388, '468240.90'),
(54, 201310, 5, 1, 0, 1900, '127800.00', 5904, '578297.16'),
(55, 201311, 5, 1, 0, NULL, NULL, 361, '36438.00'),
(56, 201301, 6, 1, 0, 8600, '425500.00', NULL, NULL),
(57, 201302, 6, 1, 0, 22900, '1154300.00', 98, '15464.40'),
(58, 201303, 6, 1, 0, 19000, '1261900.00', 2647, '345771.34'),
(59, 201304, 6, 1, 0, 18400, '1232700.00', 3763, '515642.87'),
(60, 201305, 6, 1, 0, 29200, '1277400.00', 1304, '155426.14'),
(61, 201306, 6, 1, 0, 2300, '25300.00', 7396, '578188.09'),
(62, 201307, 6, 1, 0, NULL, NULL, 3374, '525131.54'),
(63, 201308, 6, 1, 0, 15100, '272900.00', 12426, '1133764.36'),
(64, 201309, 6, 1, 0, 38900, '1576100.00', 23703, '2896316.53'),
(65, 201310, 6, 1, 0, 8500, '484500.00', 38072, '3238680.56'),
(66, 201311, 6, 1, 0, NULL, NULL, 3012, '234019.92'),
(67, 201301, 7, 1, 0, 38900, '2702700.00', 2134, '309131.24'),
(68, 201302, 7, 1, 0, 17200, '1076000.00', 5439, '875114.79'),
(69, 201303, 7, 1, 0, 31300, '1467000.00', 4311, '376655.81'),
(70, 201304, 7, 1, 0, NULL, NULL, 3650, '476703.50'),
(71, 201305, 7, 1, 0, 18800, '920700.00', 4046, '271314.57'),
(72, 201306, 7, 1, 0, 1800, '43200.00', 11824, '1508582.47'),
(73, 201307, 7, 1, 0, 19700, '937800.00', 6403, '709726.23'),
(74, 201308, 7, 1, 0, 17300, '560000.00', 9579, '932174.80'),
(75, 201309, 7, 1, 0, 11300, '583500.00', 18653, '2006774.86'),
(76, 201310, 7, 1, 0, 5100, '166500.00', 7823, '626306.77'),
(77, 201311, 7, 1, 0, 100, '1000.00', 133, '4726.19'),
(78, 201301, 8, 1, 0, 13100, '690100.00', NULL, NULL),
(79, 201302, 8, 1, 0, 57900, '3368800.00', 4830, '687656.55'),
(80, 201303, 8, 1, 0, 34600, '1475700.00', 1873, '248154.64'),
(81, 201304, 8, 1, 0, 12500, '1124600.00', 6077, '642391.62'),
(82, 201305, 8, 1, 0, 16100, '1081400.00', 20082, '2334877.92'),
(83, 201306, 8, 1, 0, 8200, '398300.00', 5314, '469197.50'),
(84, 201307, 8, 1, 0, 2900, '240700.00', 17843, '1990053.20'),
(85, 201308, 8, 1, 0, 33400, '2054400.00', 7279, '553633.53'),
(86, 201309, 8, 1, 0, 4900, '178600.00', 11786, '1306931.16'),
(87, 201310, 8, 1, 0, 10000, '340000.00', 28929, '3374337.53'),
(88, 201311, 8, 1, 0, NULL, NULL, 4678, '608333.57'),
(89, 201301, 9, 1, 0, 2000, '168000.00', 559, '106528.63'),
(90, 201302, 9, 1, 0, 4300, '308200.00', 882, '115092.18'),
(91, 201303, 9, 1, 0, 3300, '179300.00', NULL, NULL),
(92, 201304, 9, 1, 0, 16800, '1080000.00', NULL, NULL),
(93, 201305, 9, 1, 0, 28000, '1391000.00', 4891, '722724.83'),
(94, 201306, 9, 1, 0, NULL, NULL, 1451, '301485.27'),
(95, 201307, 9, 1, 0, 6800, '338600.00', 1126, '168913.36'),
(96, 201308, 9, 1, 0, 3000, '156800.00', 969, '131487.09'),
(97, 201309, 9, 1, 0, 200, '11000.00', 7439, '894775.28'),
(98, 201310, 9, 1, 0, 10400, '732800.00', 12621, '1488614.64'),
(99, 201311, 9, 1, 0, NULL, NULL, 6531, '924841.60'),
(100, 201301, 10, 1, 0, 20000, '1079100.00', NULL, NULL),
(101, 201302, 10, 1, 0, 4900, '169400.00', 4810, '714626.44'),
(102, 201303, 10, 1, 0, 2600, '166400.00', 640, '55526.40'),
(103, 201304, 10, 1, 0, 11800, '740400.00', 421, '82069.74'),
(104, 201305, 10, 1, 0, 19700, '828000.00', 3372, '443687.76'),
(105, 201306, 10, 1, 0, NULL, NULL, 9561, '874245.20'),
(106, 201307, 10, 1, 0, 14500, '549500.00', 3713, '309771.16'),
(107, 201308, 10, 1, 0, 10600, '656200.00', 4475, '255038.63'),
(108, 201309, 10, 1, 0, 13700, '1164900.00', 8343, '1002949.70'),
(109, 201310, 10, 1, 0, 7000, '448000.00', 15998, '2066222.72'),
(110, 201311, 10, 1, 0, NULL, NULL, 3400, '369988.00'),
(111, 201301, 11, 1, 0, 26600, '1757800.00', 1607, '318169.93'),
(112, 201302, 11, 1, 0, 11600, '234400.00', NULL, NULL),
(113, 201303, 11, 1, 0, NULL, NULL, 6756, '606621.18'),
(114, 201304, 11, 1, 0, 10100, '649100.00', 177, '31769.73'),
(115, 201305, 11, 1, 0, 9300, '120900.00', 591, '97390.89'),
(116, 201306, 11, 1, 0, NULL, NULL, 5138, '813944.34'),
(117, 201307, 11, 1, 0, 2100, '100800.00', 1052, '140568.24'),
(118, 201308, 11, 1, 0, 10500, '445500.00', 5231, '544650.81'),
(119, 201309, 11, 1, 0, NULL, NULL, 875, '85392.30'),
(120, 201310, 11, 1, 0, 3300, '124500.00', 12973, '870531.69'),
(121, 201311, 11, 1, 0, NULL, NULL, 1615, '66891.34'),
(122, 201301, 12, 2, 0, 33100, '1547600.00', NULL, NULL),
(123, 201302, 12, 2, 0, 32200, '2206400.00', 1425, '129461.25'),
(124, 201303, 12, 2, 0, 52200, '3190100.00', 2006, '273116.90'),
(125, 201304, 12, 2, 0, 13300, '998500.00', 13994, '1718498.30'),
(126, 201305, 12, 2, 0, 1000, '25000.00', 49, '8383.05'),
(127, 201306, 12, 2, 0, 6800, '265200.00', 6396, '641926.23'),
(128, 201307, 12, 2, 0, 29200, '1349400.00', 2930, '239688.79'),
(129, 201308, 12, 2, 0, 23100, '1687700.00', 6397, '305584.85'),
(130, 201309, 12, 2, 0, 19300, '742800.00', 18158, '1380639.32'),
(131, 201310, 12, 2, 0, 7700, '669900.00', 22998, '2914439.60'),
(132, 201311, 12, 2, 0, NULL, NULL, 2598, '472215.17'),
(133, 201301, 13, 2, 0, 9900, '835500.00', NULL, NULL),
(134, 201302, 13, 2, 0, 12100, '240100.00', NULL, NULL),
(135, 201303, 13, 2, 0, 13000, '1112600.00', 314, '22089.90'),
(136, 201304, 13, 2, 0, NULL, NULL, 7010, '371639.19'),
(137, 201305, 13, 2, 0, NULL, NULL, 72, '10965.60'),
(138, 201306, 13, 2, 0, 7500, '360000.00', 4861, '72225.42'),
(139, 201307, 13, 2, 0, 8300, '530500.00', 60, '5236.80'),
(140, 201308, 13, 2, 0, 9600, '739200.00', 5090, '706243.38'),
(141, 201309, 13, 2, 0, 9200, '920000.00', 16159, '2271069.14'),
(142, 201310, 13, 2, 0, 18300, '811500.00', 24108, '3235045.96'),
(143, 201311, 13, 2, 0, NULL, NULL, 4434, '924447.20'),
(144, 201301, 14, 2, 0, 23600, '1338700.00', 1259, '126378.42'),
(145, 201302, 14, 2, 0, 31000, '991500.00', 3188, '314144.56'),
(146, 201303, 14, 2, 0, 18100, '620500.00', 6524, '534785.79'),
(147, 201304, 14, 2, 0, 24200, '1288200.00', 7147, '317975.81'),
(148, 201305, 14, 2, 0, 23500, '1363700.00', 5213, '430037.88'),
(149, 201306, 14, 2, 0, 34900, '1739100.00', 10012, '869020.49'),
(150, 201307, 14, 2, 0, 12500, '713300.00', 18337, '1547788.48'),
(151, 201308, 14, 2, 0, 23500, '1554500.00', 18147, '1631902.76'),
(152, 201309, 14, 2, 0, 18900, '661500.00', 13063, '1204168.07'),
(153, 201310, 14, 2, 0, 20200, '743900.00', 26089, '2647287.65'),
(154, 201311, 14, 2, 0, NULL, NULL, 2119, '306500.26'),
(155, 201301, 15, 2, 0, 24600, '1117600.00', 2815, '399476.65'),
(156, 201302, 15, 2, 0, 13100, '556500.00', 984, '150492.96'),
(157, 201303, 15, 2, 0, 5600, '352800.00', 2479, '388459.30'),
(158, 201304, 15, 2, 0, 17400, '1265400.00', 2373, '269270.31'),
(159, 201305, 15, 2, 0, 3600, '201600.00', 4781, '587345.08'),
(160, 201306, 15, 2, 0, 1900, '138700.00', 3323, '462043.87'),
(161, 201307, 15, 2, 0, 6100, '481900.00', 2714, '290780.08'),
(162, 201308, 15, 2, 0, 7300, '75000.00', 1185, '145857.21'),
(163, 201309, 15, 2, 0, 9100, '634200.00', 7484, '926552.00'),
(164, 201310, 15, 2, 0, 9100, '864500.00', 4209, '517200.80'),
(165, 201311, 15, 2, 0, NULL, NULL, 2154, '462999.34'),
(166, 201301, 16, 2, 0, NULL, NULL, NULL, NULL),
(167, 201302, 16, 2, 0, NULL, NULL, NULL, NULL),
(168, 201303, 16, 2, 0, 8200, '369000.00', 2462, '253339.80'),
(169, 201304, 16, 2, 0, 15700, '629800.00', 1674, '148450.32'),
(170, 201305, 16, 2, 0, NULL, NULL, 8665, '674203.48'),
(171, 201306, 16, 2, 0, 6300, '340200.00', NULL, NULL),
(172, 201307, 16, 2, 0, NULL, NULL, 1669, '153147.44'),
(173, 201308, 16, 2, 0, NULL, NULL, 2453, '297794.20'),
(174, 201309, 16, 2, 0, NULL, NULL, NULL, NULL),
(175, 201310, 16, 2, 0, NULL, NULL, 1456, '133841.85'),
(176, 201311, 16, 2, 0, NULL, NULL, NULL, NULL),
(177, 201301, 17, 2, 0, 11200, '814200.00', NULL, NULL),
(178, 201302, 17, 2, 0, 7900, '146400.00', NULL, NULL),
(179, 201303, 17, 2, 0, 15500, '598700.00', NULL, NULL),
(180, 201304, 17, 2, 0, NULL, NULL, NULL, NULL),
(181, 201305, 17, 2, 0, 22300, '838100.00', 3990, '213394.20'),
(182, 201306, 17, 2, 0, 2000, '76000.00', 4209, '334306.96'),
(183, 201307, 17, 2, 0, 16000, '1056000.00', 7377, '651307.87'),
(184, 201308, 17, 2, 0, 14800, '560500.00', 13605, '759122.30'),
(185, 201309, 17, 2, 0, 7400, '580600.00', 6385, '573373.45'),
(186, 201310, 17, 2, 0, NULL, NULL, 25247, '3357500.81'),
(187, 201311, 17, 2, 0, NULL, NULL, 1015, '156644.95'),
(188, 201301, 18, 2, 0, NULL, NULL, NULL, NULL),
(189, 201302, 18, 2, 0, NULL, NULL, NULL, NULL),
(190, 201303, 18, 2, 0, NULL, NULL, NULL, NULL),
(191, 201304, 18, 2, 0, NULL, NULL, NULL, NULL),
(192, 201305, 18, 2, 0, 200, '12800.00', NULL, NULL),
(193, 201306, 18, 2, 0, NULL, NULL, NULL, NULL),
(194, 201307, 18, 2, 0, NULL, NULL, NULL, NULL),
(195, 201308, 18, 2, 0, NULL, NULL, NULL, NULL),
(196, 201309, 18, 2, 0, 4900, '411600.00', 2190, '304979.40'),
(197, 201310, 18, 2, 0, NULL, NULL, 2502, '382647.02'),
(198, 201311, 18, 2, 0, NULL, NULL, 488, '61717.36'),
(199, 201301, 19, 2, 0, 10800, '380000.00', 1804, '201435.04'),
(200, 201302, 19, 2, 0, 10600, '183300.00', 4130, '346156.90'),
(201, 201303, 19, 2, 0, 9400, '837200.00', 6469, '801959.40'),
(202, 201304, 19, 2, 0, 3700, '259000.00', 339, '14674.04'),
(203, 201305, 19, 2, 0, 7400, '140600.00', 6660, '877016.50'),
(204, 201306, 19, 2, 0, 11600, '738000.00', NULL, NULL),
(205, 201307, 19, 2, 0, 14400, '220800.00', 2426, '136161.12'),
(206, 201308, 19, 2, 0, 4200, '357400.00', 5039, '396247.87'),
(207, 201309, 19, 2, 0, 7600, '258200.00', 6844, '236602.88'),
(208, 201310, 19, 2, 0, 6000, '416000.00', 22740, '1603552.83'),
(209, 201311, 19, 2, 0, NULL, NULL, 8025, '703378.61'),
(210, 201301, 20, 2, 0, 4400, '98800.00', 259, '8095.08'),
(211, 201302, 20, 2, 0, 27100, '1277500.00', 1049, '5958.32'),
(212, 201303, 20, 2, 0, 22500, '1252300.00', NULL, NULL),
(213, 201304, 20, 2, 0, 5700, '399000.00', 4048, '413801.76'),
(214, 201305, 20, 2, 0, 18000, '922200.00', 4959, '608890.77'),
(215, 201306, 20, 2, 0, 17400, '346200.00', 3333, '397907.99'),
(216, 201307, 20, 2, 0, 16900, '722800.00', 8862, '527129.33'),
(217, 201308, 20, 2, 0, 11400, '343400.00', 3185, '299625.43'),
(218, 201309, 20, 2, 0, 15000, '1261200.00', 26200, '2516172.60'),
(219, 201310, 20, 2, 0, 12000, '838200.00', 21067, '2211656.41'),
(220, 201311, 20, 2, 0, NULL, NULL, 2388, '248280.36'),
(221, 201301, 21, 2, 0, 4000, '92000.00', NULL, NULL),
(222, 201302, 21, 2, 0, 12900, '288800.00', 2137, '71976.69'),
(223, 201303, 21, 2, 0, 25800, '1022100.00', 794, '33490.92'),
(224, 201304, 21, 2, 0, 300, '10800.00', 1435, '156094.36'),
(225, 201305, 21, 2, 0, 14500, '780500.00', 4262, '362068.88'),
(226, 201306, 21, 2, 0, NULL, NULL, 5424, '385742.32'),
(227, 201307, 21, 2, 0, 8100, '745200.00', 3916, '612176.48'),
(228, 201308, 21, 2, 0, NULL, NULL, 1156, '108526.78'),
(229, 201309, 21, 2, 0, 100, '7200.00', 7203, '723955.80'),
(230, 201310, 21, 2, 0, NULL, NULL, 10959, '1089423.44'),
(231, 201311, 21, 2, 0, NULL, NULL, 545, '102291.05'),
(232, 201301, 22, 3, 0, 23400, '1142400.00', NULL, NULL),
(233, 201302, 22, 3, 0, 25800, '1657200.00', 2493, '125170.18'),
(234, 201303, 22, 3, 0, 14700, '287500.00', 6352, '660861.64'),
(235, 201304, 22, 3, 0, 10300, '886100.00', 774, '85491.46'),
(236, 201305, 22, 3, 0, 2900, '252300.00', 3612, '211920.15'),
(237, 201306, 22, 3, 0, NULL, NULL, 6138, '538267.14'),
(238, 201307, 22, 3, 0, 30500, '1213300.00', 3615, '302165.65'),
(239, 201308, 22, 3, 0, 10500, '903000.00', 10642, '653381.57'),
(240, 201309, 22, 3, 0, 22400, '1051400.00', 13465, '2271728.20'),
(241, 201310, 22, 3, 0, 8000, '232000.00', 25193, '2198862.77'),
(242, 201311, 22, 3, 0, NULL, NULL, 3155, '145091.87'),
(243, 201301, 23, 3, 0, 2200, '125200.00', 36, '7169.76'),
(244, 201302, 23, 3, 0, 8600, '107800.00', NULL, NULL),
(245, 201303, 23, 3, 0, NULL, NULL, 511, '7920.50'),
(246, 201304, 23, 3, 0, 5900, '477900.00', 873, '25468.66'),
(247, 201305, 23, 3, 0, NULL, NULL, 3149, '404548.47'),
(248, 201306, 23, 3, 0, 3300, '211200.00', 425, '45602.50'),
(249, 201307, 23, 3, 0, 5800, '205000.00', 3474, '51748.39'),
(250, 201308, 23, 3, 0, 10400, '597500.00', 2657, '328685.04'),
(251, 201309, 23, 3, 0, 4400, '289400.00', 12363, '1520034.14'),
(252, 201310, 23, 3, 0, 7300, '246000.00', 14211, '1191525.62'),
(253, 201311, 23, 3, 0, NULL, NULL, NULL, NULL),
(254, 201301, 24, 3, 0, 16600, '1158100.00', 155, '28665.70'),
(255, 201302, 24, 3, 0, 400, '34400.00', NULL, NULL),
(256, 201303, 24, 3, 0, NULL, NULL, NULL, NULL),
(257, 201304, 24, 3, 0, 18000, '618000.00', NULL, NULL),
(258, 201305, 24, 3, 0, 19800, '1121700.00', 3158, '523764.03'),
(259, 201306, 24, 3, 0, 3400, '37400.00', 2441, '122349.95'),
(260, 201307, 24, 3, 0, 6500, '162500.00', 3127, '98787.30'),
(261, 201308, 24, 3, 0, 20400, '745000.00', 4674, '396051.43'),
(262, 201309, 24, 3, 0, 4500, '274500.00', 7902, '673770.84'),
(263, 201310, 24, 3, 0, NULL, NULL, 10370, '1315383.94'),
(264, 201311, 24, 3, 0, NULL, NULL, 877, '20249.93'),
(265, 201301, 25, 3, 0, 9400, '517000.00', NULL, NULL),
(266, 201302, 25, 3, 0, 29100, '1539300.00', 4490, '296045.60'),
(267, 201303, 25, 3, 0, 4900, '249900.00', 3534, '273566.94'),
(268, 201304, 25, 3, 0, NULL, NULL, 3595, '313938.49'),
(269, 201305, 25, 3, 0, 16800, '122400.00', 1926, '9090.72'),
(270, 201306, 25, 3, 0, 15700, '662700.00', 6762, '293889.89'),
(271, 201307, 25, 3, 0, 4200, '29400.00', 1836, '259282.62'),
(272, 201308, 25, 3, 0, 9100, '318500.00', 13793, '584650.48'),
(273, 201309, 25, 3, 0, 3600, '230400.00', 13106, '566839.97'),
(274, 201310, 25, 3, 0, 2400, '72000.00', 11494, '1142394.66'),
(275, 201311, 25, 3, 0, NULL, NULL, 1566, '138324.78'),
(276, 201301, 26, 3, 0, 9400, '505600.00', NULL, NULL),
(277, 201302, 26, 3, 0, NULL, NULL, NULL, NULL),
(278, 201303, 26, 3, 0, 22500, '984100.00', 111, '3339.99'),
(279, 201304, 26, 3, 0, NULL, NULL, NULL, NULL),
(280, 201305, 26, 3, 0, NULL, NULL, NULL, NULL),
(281, 201306, 26, 3, 0, NULL, NULL, 2548, '45660.16'),
(282, 201307, 26, 3, 0, 5900, '322400.00', 1163, '25442.08'),
(283, 201308, 26, 3, 0, 300, '29100.00', 2350, '180123.19'),
(284, 201309, 26, 3, 0, 7500, '212700.00', 113, '17001.33'),
(285, 201310, 26, 3, 0, NULL, NULL, 281, '38603.82'),
(286, 201311, 26, 3, 0, NULL, NULL, NULL, NULL),
(287, 201301, 27, 3, 0, 17500, '856000.00', NULL, NULL),
(288, 201302, 27, 3, 0, NULL, NULL, NULL, NULL),
(289, 201303, 27, 3, 0, 5000, '430000.00', NULL, NULL),
(290, 201304, 27, 3, 0, 400, '4400.00', 3285, '178449.20'),
(291, 201305, 27, 3, 0, 10500, '356100.00', 2465, '140098.26'),
(292, 201306, 27, 3, 0, 12100, '987600.00', 3799, '250172.14'),
(293, 201307, 27, 3, 0, NULL, NULL, 1397, '189042.04'),
(294, 201308, 27, 3, 0, NULL, NULL, 1400, '171200.83'),
(295, 201309, 27, 3, 0, NULL, NULL, 309, '3000.39'),
(296, 201310, 27, 3, 0, NULL, NULL, 9093, '614690.34'),
(297, 201311, 27, 3, 0, NULL, NULL, NULL, NULL),
(298, 201301, 28, 3, 0, NULL, NULL, NULL, NULL),
(299, 201302, 28, 3, 0, 13400, '715000.00', 700, '12796.00'),
(300, 201303, 28, 3, 0, 2300, '77600.00', NULL, NULL),
(301, 201304, 28, 3, 0, 9800, '921200.00', 31, '1826.83'),
(302, 201305, 28, 3, 0, NULL, NULL, 1014, '205760.88'),
(303, 201306, 28, 3, 0, 2900, '229100.00', 7212, '1249368.64'),
(304, 201307, 28, 3, 0, NULL, NULL, 675, '46021.50'),
(305, 201308, 28, 3, 0, NULL, NULL, NULL, NULL),
(306, 201309, 28, 3, 0, 2200, '134200.00', 6139, '1090622.20'),
(307, 201310, 28, 3, 0, NULL, NULL, 2489, '448665.21'),
(308, 201311, 28, 3, 0, NULL, NULL, NULL, NULL),
(309, 201301, 29, 3, 0, 9600, '132800.00', NULL, NULL),
(310, 201302, 29, 3, 0, NULL, NULL, NULL, NULL),
(311, 201303, 29, 3, 0, 17600, '889200.00', 4752, '505026.62'),
(312, 201304, 29, 3, 0, 3000, '111000.00', 1201, '46690.96'),
(313, 201305, 29, 3, 0, 2300, '85100.00', NULL, NULL),
(314, 201306, 29, 3, 0, 7700, '184800.00', 10061, '409025.74'),
(315, 201307, 29, 3, 0, 2300, '230000.00', 1408, '95513.54'),
(316, 201308, 29, 3, 0, 15900, '691200.00', 6235, '268514.11'),
(317, 201309, 29, 3, 0, 1000, '1000.00', 3424, '453270.47'),
(318, 201310, 29, 3, 0, 19300, '1264900.00', 12752, '1302282.85'),
(319, 201311, 29, 3, 0, NULL, NULL, 3607, '391648.06'),
(320, 201301, 30, 3, 0, NULL, NULL, NULL, NULL),
(321, 201302, 30, 3, 0, NULL, NULL, NULL, NULL),
(322, 201303, 30, 3, 0, 15500, '443700.00', 2058, '138935.58'),
(323, 201304, 30, 3, 0, NULL, NULL, NULL, NULL),
(324, 201305, 30, 3, 0, NULL, NULL, 3104, '123104.64'),
(325, 201306, 30, 3, 0, NULL, NULL, NULL, NULL),
(326, 201307, 30, 3, 0, NULL, NULL, NULL, NULL),
(327, 201308, 30, 3, 0, NULL, NULL, NULL, NULL),
(328, 201309, 30, 3, 0, NULL, NULL, NULL, NULL),
(329, 201310, 30, 3, 0, NULL, NULL, 2130, '71908.80'),
(330, 201311, 30, 3, 0, NULL, NULL, NULL, NULL),
(331, 201301, 31, 3, 0, 37100, '2090000.00', NULL, NULL),
(332, 201302, 31, 3, 0, 20100, '1476300.00', 5677, '488426.22'),
(333, 201303, 31, 3, 0, 34000, '2602500.00', 581, '59720.99'),
(334, 201304, 31, 3, 0, 25200, '1923500.00', 5211, '589230.80'),
(335, 201305, 31, 3, 0, 23700, '939600.00', 2774, '454369.99'),
(336, 201306, 31, 3, 0, 12200, '999400.00', 9481, '1292300.17'),
(337, 201307, 31, 3, 0, 8000, '539200.00', 14646, '2435583.90'),
(338, 201308, 31, 3, 0, 13800, '709200.00', 1471, '178491.14'),
(339, 201309, 31, 3, 0, 22100, '1070500.00', 6649, '800885.96'),
(340, 201310, 31, 3, 0, 22700, '1012800.00', 18428, '1999263.47'),
(341, 201311, 31, 3, 0, NULL, NULL, 8664, '961124.62'),
(342, 201301, 32, 4, 0, 11200, '211400.00', NULL, NULL),
(343, 201302, 32, 4, 0, 20200, '1006200.00', 28, '3339.56'),
(344, 201303, 32, 4, 0, NULL, NULL, 1658, '75627.30'),
(345, 201304, 32, 4, 0, NULL, NULL, NULL, NULL),
(346, 201305, 32, 4, 0, 6500, '312000.00', 2657, '195767.76'),
(347, 201306, 32, 4, 0, NULL, NULL, 771, '13330.59'),
(348, 201307, 32, 4, 0, 3400, '115600.00', 613, '39317.82'),
(349, 201308, 32, 4, 0, 5300, '434600.00', 8422, '582576.49'),
(350, 201309, 32, 4, 0, NULL, NULL, 1790, '59657.09'),
(351, 201310, 32, 4, 0, 12000, '334000.00', 9130, '490018.60'),
(352, 201311, 32, 4, 0, NULL, NULL, NULL, NULL),
(353, 201301, 33, 4, 0, 200, '18600.00', NULL, NULL),
(354, 201302, 33, 4, 0, 9900, '389700.00', NULL, NULL),
(355, 201303, 33, 4, 0, 8900, '417100.00', NULL, NULL),
(356, 201304, 33, 4, 0, NULL, NULL, 1315, '142887.90'),
(357, 201305, 33, 4, 0, NULL, NULL, NULL, NULL),
(358, 201306, 33, 4, 0, 6300, '302400.00', NULL, NULL),
(359, 201307, 33, 4, 0, 13300, '424300.00', 957, '34050.06'),
(360, 201308, 33, 4, 0, 5100, '241800.00', 4901, '328544.00'),
(361, 201309, 33, 4, 0, NULL, NULL, 3567, '137866.71'),
(362, 201310, 33, 4, 0, 8200, '559800.00', 3289, '350328.22'),
(363, 201311, 33, 4, 0, NULL, NULL, 2495, '318525.18'),
(364, 201301, 34, 4, 0, 8600, '382800.00', NULL, NULL),
(365, 201302, 34, 4, 0, 10600, '733800.00', 1087, '176007.04'),
(366, 201303, 34, 4, 0, 16700, '967100.00', NULL, NULL),
(367, 201304, 34, 4, 0, 20700, '928300.00', 3858, '451966.77'),
(368, 201305, 34, 4, 0, 1900, '115900.00', 3069, '236285.76'),
(369, 201306, 34, 4, 0, 6000, '240000.00', 11208, '1261413.92'),
(370, 201307, 34, 4, 0, NULL, NULL, 8908, '526387.38'),
(371, 201308, 34, 4, 0, 7900, '466100.00', 1953, '206347.31'),
(372, 201309, 34, 4, 0, 2000, '87500.00', 6107, '824414.75'),
(373, 201310, 34, 4, 0, 8900, '755100.00', 6433, '758769.71'),
(374, 201311, 34, 4, 0, 6400, '128000.00', 3415, '109685.10'),
(375, 201301, 35, 4, 0, 25000, '1498800.00', NULL, NULL),
(376, 201302, 35, 4, 0, 1300, '117000.00', 439, '6462.08'),
(377, 201303, 35, 4, 0, 27500, '1819200.00', 2472, '377508.23'),
(378, 201304, 35, 4, 0, NULL, NULL, 4275, '543131.24'),
(379, 201305, 35, 4, 0, 28700, '2285400.00', 5850, '811441.25'),
(380, 201306, 35, 4, 0, 11900, '526600.00', 5417, '891202.15'),
(381, 201307, 35, 4, 0, 3200, '192000.00', 4868, '604282.64'),
(382, 201308, 35, 4, 0, 5500, '238100.00', 5091, '1072384.86'),
(383, 201309, 35, 4, 0, 2500, '192500.00', 5362, '594720.28'),
(384, 201310, 35, 4, 0, 5500, '49500.00', 14897, '1649423.93'),
(385, 201311, 35, 4, 0, NULL, NULL, 2294, '326939.69'),
(386, 201301, 36, 4, 0, 8500, '178500.00', NULL, NULL),
(387, 201302, 36, 4, 0, 7700, '231000.00', NULL, NULL),
(388, 201303, 36, 4, 0, NULL, NULL, NULL, NULL),
(389, 201304, 36, 4, 0, NULL, NULL, 838, '43182.14'),
(390, 201305, 36, 4, 0, 7400, '266400.00', 2413, '142728.95'),
(391, 201306, 36, 4, 0, 3200, '275200.00', NULL, NULL),
(392, 201307, 36, 4, 0, 7300, '547500.00', 3859, '298152.46'),
(393, 201308, 36, 4, 0, 2200, '187000.00', 3019, '459702.35'),
(394, 201309, 36, 4, 0, NULL, NULL, 4791, '619155.72'),
(395, 201310, 36, 4, 0, NULL, NULL, 2027, '300262.42'),
(396, 201311, 36, 4, 0, NULL, NULL, NULL, NULL),
(397, 201301, 37, 4, 0, 10700, '552700.00', 1149, '182300.34'),
(398, 201302, 37, 4, 0, 8200, '500200.00', NULL, NULL),
(399, 201303, 37, 4, 0, 5200, '421200.00', 846, '50666.94'),
(400, 201304, 37, 4, 0, NULL, NULL, 1230, '140552.10'),
(401, 201305, 37, 4, 0, NULL, NULL, NULL, NULL),
(402, 201306, 37, 4, 0, 9400, '150400.00', NULL, NULL),
(403, 201307, 37, 4, 0, 18100, '877900.00', 2776, '105244.20'),
(404, 201308, 37, 4, 0, 8100, '761400.00', 3264, '764951.04'),
(405, 201309, 37, 4, 0, NULL, NULL, 8677, '1360311.25'),
(406, 201310, 37, 4, 0, NULL, NULL, 9117, '1014951.20'),
(407, 201311, 37, 4, 0, NULL, NULL, 3483, '405908.82'),
(408, 201301, 38, 4, 0, 8100, '201100.00', NULL, NULL),
(409, 201302, 38, 4, 0, 9500, '550600.00', 3381, '221481.42'),
(410, 201303, 38, 4, 0, 17800, '410600.00', 3082, '331755.28'),
(411, 201304, 38, 4, 0, 23200, '709600.00', 2093, '193724.09'),
(412, 201305, 38, 4, 0, 13000, '367800.00', 2379, '351781.68'),
(413, 201306, 38, 4, 0, 400, '15600.00', 7334, '559470.57'),
(414, 201307, 38, 4, 0, 9500, '769500.00', 3836, '50130.73'),
(415, 201308, 38, 4, 0, NULL, NULL, 513, '46455.62'),
(416, 201309, 38, 4, 0, 5600, '470400.00', 12704, '901619.82'),
(417, 201310, 38, 4, 0, 29200, '1871900.00', 7568, '745187.78'),
(418, 201311, 38, 4, 0, 9300, '734700.00', 8729, '1269449.21'),
(419, 201301, 39, 4, 0, NULL, NULL, NULL, NULL),
(420, 201302, 39, 4, 0, 18900, '989900.00', 2324, '415159.36'),
(421, 201303, 39, 4, 0, 45000, '2530500.00', 1156, '96999.96'),
(422, 201304, 39, 4, 0, 29200, '1412000.00', 2820, '349200.60'),
(423, 201305, 39, 4, 0, 17400, '693500.00', 10447, '870747.70'),
(424, 201306, 39, 4, 0, 8100, '299400.00', 5839, '582599.40'),
(425, 201307, 39, 4, 0, NULL, NULL, 8911, '737552.97'),
(426, 201308, 39, 4, 0, 13600, '1322400.00', 7700, '838702.60'),
(427, 201309, 39, 4, 0, 7900, '481900.00', 16819, '1780423.39'),
(428, 201310, 39, 4, 0, 11300, '788300.00', 22786, '3138172.74'),
(429, 201311, 39, 4, 0, NULL, NULL, 1161, '249556.95'),
(430, 201301, 40, 4, 0, NULL, NULL, NULL, NULL),
(431, 201302, 40, 4, 0, NULL, NULL, NULL, NULL),
(432, 201303, 40, 4, 0, NULL, NULL, NULL, NULL),
(433, 201304, 40, 4, 0, NULL, NULL, NULL, NULL),
(434, 201305, 40, 4, 0, NULL, NULL, NULL, NULL),
(435, 201306, 40, 4, 0, NULL, NULL, NULL, NULL),
(436, 201307, 40, 4, 0, NULL, NULL, NULL, NULL),
(437, 201308, 40, 4, 0, NULL, NULL, NULL, NULL),
(438, 201309, 40, 4, 0, NULL, NULL, NULL, NULL),
(439, 201310, 40, 4, 0, NULL, NULL, NULL, NULL),
(440, 201311, 40, 4, 0, NULL, NULL, NULL, NULL);

-- --------------------------------------------------------

--
-- Структура таблицы `prekes`
--

CREATE TABLE `prekes` (
  `id` int(10) UNSIGNED NOT NULL,
  `preke` varchar(256) NOT NULL,
  `id_grupes` int(10) UNSIGNED NOT NULL
) ENGINE=InnoDB DEFAULT CHARSET=utf8;

--
-- Дамп данных таблицы `prekes`
--

INSERT INTO `prekes` (`id`, `preke`, `id_grupes`) VALUES
(1, 'pieštukas Piešk', 1),
(2, 'trintukas Trink', 1),
(3, 'teptukas Tepk', 1),
(4, 'tušinukas Rašyk', 1),
(5, 'kalkuliatorius Skaičiuok', 1),
(6, 'popierius Biuro poperius', 1),
(7, 'užrašų knygutė Pasižymėk', 1),
(8, 'kalendorius Metinis', 1),
(9, 'segtuvas Sek', 1),
(10, 'liniuotė Brėžk', 1),
(11, 'drožtukas Drožk', 1),
(12, 'meškiukas Pūkiukas', 2),
(13, 'ežiukas Spygliukas', 2),
(14, 'lapė Snapė', 2),
(15, 'kiškis Ilgaausis', 2),
(16, 'lėlė Barbė', 2),
(17, 'lėlė Kenas', 2),
(18, 'mašinėlė MacQueen', 2),
(19, 'traukinukas su bėgių sistema', 2),
(20, 'Lego rinkinys 200', 2),
(21, 'Lego rinkinys 500', 2),
(22, 'Alisa stebūklų šalyje', 3),
(23, 'Alisa veidrodžių karalystėje', 3),
(24, 'Meistras ir Margarita', 3),
(25, 'Faustas', 3),
(26, 'Hamletas', 3),
(27, 'Miglų sezonas', 3),
(28, 'Galaktikos baladė', 3),
(29, 'Kaspero Bernato nuotykiai', 3),
(30, 'Atbulas išradimas', 3),
(31, 'Prisiminimai apiė ateitį', 3),
(32, 'Suvenyras Lekštė', 4),
(33, 'Suvenyras Puodelis', 4),
(34, 'Suvenyras Parkeris', 4),
(35, 'Suvenyras Vaza', 4),
(36, 'Suvenyras Skulptūrėlė', 4),
(37, 'Suvenyras Bokalas', 4),
(38, 'Suvenyras Laivas', 4),
(39, 'Suvenyras Peilis', 4),
(40, 'Suvenyras Padėkliukas', 4);

-- --------------------------------------------------------

--
-- Структура таблицы `prekes_gavimai`
--

CREATE TABLE `prekes_gavimai` (
  `barkodas` varchar(20) NOT NULL,
  `data` date NOT NULL,
  `kiekis` int(10) UNSIGNED NOT NULL,
  `vnt_kaina` decimal(10,2) UNSIGNED NOT NULL,
  `id` int(10) UNSIGNED NOT NULL
) ENGINE=InnoDB DEFAULT CHARSET=utf8;

--
-- Дамп данных таблицы `prekes_gavimai`
--

INSERT INTO `prekes_gavimai` (`barkodas`, `data`, `kiekis`, `vnt_kaina`, `id`) VALUES
('90510184308', '2013-10-04', 7100, '24.00', 1),
('77182774690', '2013-04-13', 5800, '70.00', 2),
('18606545793', '2013-03-12', 7600, '46.00', 3),
('23998598124', '2013-11-03', 6400, '20.00', 4),
('63184646762', '2013-01-09', 8200, '82.00', 5),
('57003411517', '2013-08-20', 8300, '14.00', 6),
('9356025987', '2013-05-20', 7100, '87.00', 7),
('16924795710', '2013-01-22', 5100, '85.00', 8),
('50363049796', '2013-09-06', 1200, '37.00', 9),
('20712659899', '2013-05-28', 3100, '8.00', 10),
('26492385311', '2013-05-22', 800, '99.00', 11),
('77143052012', '2013-09-06', 6900, '25.00', 12),
('21571246834', '2013-01-15', 500, '75.00', 13),
('43268284335', '2013-06-30', 7200, '80.00', 14),
('61860389878', '2013-03-17', 7600, '29.00', 15),
('80202488582', '2013-02-26', 400, '66.00', 16),
('26153722150', '2013-02-18', 8200, '61.00', 17),
('69921927591', '2013-02-25', 1900, '12.00', 18),
('7810762718', '2013-07-04', 8100, '92.00', 19),
('80004677344', '2013-05-05', 600, '80.00', 20),
('71736850935', '2013-09-19', 6000, '61.00', 21),
('18425506743', '2013-01-23', 3900, '23.00', 22),
('35953093167', '2013-10-21', 500, '41.00', 23),
('50450276164', '2013-06-19', 1800, '24.00', 24),
('33003919695', '2013-02-28', 5000, '56.00', 25),
('20997861792', '2013-04-05', 8600, '35.00', 26),
('73676803031', '2013-10-08', 9100, '95.00', 27),
('27635093617', '2013-04-04', 2900, '33.00', 28),
('18112802336', '2013-09-05', 500, '79.00', 29),
('64576875012', '2013-09-20', 6400, '80.00', 30),
('95463988739', '2013-04-17', 9700, '63.00', 31),
('89738059313', '2013-01-22', 2800, '69.00', 32),
('66813274162', '2013-02-24', 9200, '79.00', 33),
('54637882443', '2013-03-02', 6200, '50.00', 34),
('73757794940', '2013-07-15', 7000, '56.00', 35),
('13327934977', '2013-08-02', 8100, '94.00', 36),
('13327934977', '2013-03-23', 5200, '81.00', 37),
('18875714688', '2013-02-11', 8300, '79.00', 38),
('41584359986', '2013-02-10', 8700, '1.00', 39),
('55910612508', '2013-07-02', 1100, '26.00', 40),
('58883551190', '2013-10-29', 700, '43.00', 41),
('33996417405', '2013-03-26', 3500, '97.00', 42),
('87539746786', '2013-09-20', 800, '99.00', 43),
('46508772528', '2013-03-05', 5000, '43.00', 44),
('57316520025', '2013-07-17', 9300, '72.00', 45),
('52813136254', '2013-08-30', 7900, '59.00', 46),
('84583639804', '2013-06-19', 100, '36.00', 47),
('73616175049', '2013-06-11', 8400, '83.00', 48),
('16924795710', '2013-02-27', 6800, '48.00', 49),
('20712659899', '2013-04-21', 3700, '77.00', 50),
('48885680780', '2013-08-05', 2500, '10.00', 51),
('87866903364', '2013-08-18', 4500, '100.00', 52),
('20997861792', '2013-07-09', 1200, '72.00', 53),
('94318422297', '2013-03-20', 1100, '79.00', 54),
('41584359986', '2013-02-26', 7000, '64.00', 55),
('1053781156', '2013-01-30', 5700, '53.00', 56),
('90510184308', '2013-10-27', 1500, '91.00', 57),
('57003411517', '2013-04-17', 6500, '1.00', 58),
('17517134004', '2013-01-10', 4700, '3.00', 59),
('67171245037', '2013-08-16', 6400, '94.00', 60),
('19516638591', '2013-03-11', 400, '88.00', 61),
('57003411517', '2013-05-29', 7200, '77.00', 62),
('51306330832', '2013-03-06', 2200, '95.00', 63),
('73328007732', '2013-07-10', 6100, '79.00', 64),
('18597019853', '2013-01-29', 1000, '21.00', 65),
('34172101257', '2013-09-07', 800, '18.00', 66),
('43583285476', '2013-08-21', 7700, '84.00', 67),
('16924795710', '2013-03-21', 8900, '78.00', 68),
('16959547080', '2013-01-23', 8500, '52.00', 69),
('23051439805', '2013-04-14', 7500, '54.00', 70),
('57316520025', '2013-05-17', 6200, '73.00', 71),
('4201703708', '2013-03-13', 7700, '48.00', 72),
('24306340538', '2013-01-06', 8600, '13.00', 73),
('79386273007', '2013-07-08', 9100, '36.00', 74),
('43268284335', '2013-01-19', 2300, '97.00', 75),
('64576875012', '2013-04-30', 7700, '44.00', 76),
('10394237945', '2013-09-25', 600, '67.00', 77),
('17594477923', '2013-01-14', 7200, '15.00', 78),
('41584359986', '2013-02-24', 5400, '89.00', 79),
('64007360734', '2013-09-23', 4200, '65.00', 80),
('16959547080', '2013-03-31', 9900, '96.00', 81),
('45769481962', '2013-09-11', 2700, '84.00', 82),
('9356025987', '2013-06-26', 4800, '18.00', 83),
('48885680780', '2013-05-18', 7200, '25.00', 84),
('46508772528', '2013-01-07', 5700, '66.00', 85),
('85261197560', '2013-06-22', 8600, '60.00', 86),
('95092676389', '2013-05-01', 1900, '74.00', 87),
('26763873572', '2013-02-15', 5100, '10.00', 88),
('28285463832', '2013-10-25', 5500, '85.00', 89),
('62621275580', '2013-06-24', 3200, '86.00', 90),
('31428280222', '2013-04-11', 700, '38.00', 91),
('58883551190', '2013-09-20', 1300, '70.00', 92),
('18112802336', '2013-02-04', 4600, '93.00', 93),
('66813274162', '2013-01-26', 6000, '18.00', 94),
('1053781156', '2013-01-22', 8300, '90.00', 95),
('18112802336', '2013-01-11', 4600, '18.00', 96),
('43211413867', '2013-06-12', 1100, '94.00', 97),
('74593208240', '2013-06-20', 400, '8.00', 98),
('52295105301', '2013-01-24', 400, '43.00', 99),
('31025047815', '2013-04-03', 7700, '79.00', 100),
('86924486595', '2013-08-22', 9600, '77.00', 101),
('61860389878', '2013-03-29', 5400, '78.00', 102),
('40576245859', '2013-03-28', 700, '50.00', 103),
('12294620659', '2013-01-27', 9400, '81.00', 104),
('13106583257', '2013-01-24', 8300, '37.00', 105),
('19516638591', '2013-02-02', 6800, '30.00', 106),
('45831153398', '2013-05-29', 5100, '9.00', 107),
('85261197560', '2013-10-10', 3500, '96.00', 108),
('96178324703', '2013-09-06', 8100, '85.00', 109),
('31785827159', '2013-09-04', 4800, '95.00', 110),
('55910612508', '2013-06-10', 7700, '88.00', 111),
('81006903090', '2013-01-24', 7500, '51.00', 112),
('55910612508', '2013-06-06', 10000, '6.00', 113),
('2569223290', '2013-04-06', 3800, '94.00', 114),
('43640120647', '2013-02-20', 9400, '4.00', 115),
('50450276164', '2013-05-03', 6700, '28.00', 116),
('17594477923', '2013-02-06', 1400, '51.00', 117),
('98247018641', '2013-02-04', 400, '86.00', 118),
('71736850935', '2013-05-08', 2900, '93.00', 119),
('56140388973', '2013-09-08', 9500, '51.00', 120),
('64007360734', '2013-08-31', 100, '91.00', 121),
('54458588598', '2013-08-19', 9200, '1.00', 122),
('7579738095', '2013-03-28', 3800, '5.00', 123),
('23051439805', '2013-04-26', 4300, '78.00', 124),
('54637882443', '2013-07-01', 6400, '39.00', 125),
('2569223290', '2013-01-14', 500, '11.00', 126),
('45769481962', '2013-04-28', 5900, '81.00', 127),
('53527545978', '2013-05-31', 9600, '96.00', 128),
('3571675534', '2013-10-04', 6500, '51.00', 129),
('21165379901', '2013-02-26', 5800, '100.00', 130),
('64007360734', '2013-05-30', 3700, '100.00', 131),
('78674315827', '2013-09-29', 4500, '56.00', 132),
('99337157327', '2013-05-18', 5800, '52.00', 133),
('64007360734', '2013-10-08', 8500, '57.00', 134),
('25455743377', '2013-03-31', 7700, '97.00', 135),
('18934556580', '2013-02-16', 6400, '68.00', 136),
('91296734559', '2013-05-20', 2400, '85.00', 137),
('32626920968', '2013-05-17', 100, '51.00', 138),
('76636425383', '2013-07-16', 9500, '26.00', 139),
('83856580857', '2013-08-12', 5000, '12.00', 140),
('95463988739', '2013-04-17', 400, '95.00', 141),
('32626920968', '2013-05-27', 2500, '39.00', 142),
('62621275580', '2013-02-27', 7700, '30.00', 143),
('22769112161', '2013-02-21', 9500, '22.00', 144),
('87794927961', '2013-05-21', 5200, '87.00', 145),
('13227650628', '2013-06-13', 4100, '62.00', 146),
('53527545978', '2013-10-08', 5500, '9.00', 147),
('52295105301', '2013-03-12', 6300, '82.00', 148),
('91296734559', '2013-03-03', 5500, '12.00', 149),
('21165379901', '2013-03-30', 4900, '51.00', 150),
('87539746786', '2013-04-16', 8400, '97.00', 151),
('1480598562', '2013-04-09', 7100, '56.00', 152),
('61860389878', '2013-03-04', 7300, '59.00', 153),
('84431822490', '2013-08-13', 9100, '35.00', 154),
('45769481962', '2013-01-04', 100, '100.00', 155),
('63071206922', '2013-03-30', 8700, '40.00', 156),
('79386273007', '2013-08-18', 7400, '52.00', 157),
('18597019853', '2013-04-23', 3000, '37.00', 158),
('18875714688', '2013-03-28', 6600, '45.00', 159),
('2681717744', '2013-03-12', 8200, '41.00', 160),
('85563159813', '2013-05-22', 6000, '28.00', 161),
('66813274162', '2013-02-25', 2000, '16.00', 162),
('64576875012', '2013-05-16', 5700, '22.00', 163),
('28368242763', '2013-04-27', 2400, '5.00', 164),
('43268284335', '2013-06-11', 4900, '84.00', 165),
('2569736263', '2013-03-10', 2100, '81.00', 166),
('85460676053', '2013-08-22', 6500, '1.00', 167),
('70016975766', '2013-10-03', 3000, '32.00', 168),
('84431822490', '2013-07-26', 4200, '7.00', 169),
('23217895928', '2013-01-08', 1600, '57.00', 170),
('31428280222', '2013-04-24', 1500, '60.00', 171),
('9356025987', '2013-08-01', 400, '47.00', 172),
('85776803629', '2013-07-30', 7600, '7.00', 173),
('57003411517', '2013-04-21', 2500, '97.00', 174),
('23986504808', '2013-01-10', 5900, '63.00', 175),
('23998598124', '2013-04-20', 9100, '49.00', 176),
('42630891634', '2013-03-05', 100, '95.00', 177),
('41584359986', '2013-03-06', 6900, '30.00', 178),
('73425429010', '2013-07-06', 3400, '34.00', 179),
('45769481962', '2013-07-23', 3200, '60.00', 180),
('12262924585', '2013-01-03', 2900, '39.00', 181),
('8098144650', '2013-07-12', 2600, '5.00', 182),
('16924795710', '2013-02-09', 300, '85.00', 183),
('80615573078', '2013-04-15', 2400, '71.00', 184),
('9102821265', '2013-09-04', 9100, '13.00', 185),
('23187876141', '2013-10-10', 2200, '32.00', 186),
('12262924585', '2013-03-27', 7400, '89.00', 187),
('64007360734', '2013-05-16', 3800, '28.00', 188),
('19579853321', '2013-01-23', 4000, '23.00', 189),
('68728997436', '2013-10-21', 1000, '62.00', 190),
('10707861008', '2013-09-03', 1500, '32.00', 191),
('13106583257', '2013-01-15', 8100, '59.00', 192),
('23051439805', '2013-07-18', 7500, '21.00', 193),
('67171245037', '2013-09-11', 5000, '99.00', 194),
('84583639804', '2013-05-25', 3800, '49.00', 195),
('31126240111', '2013-04-26', 9400, '84.00', 196),
('85261197560', '2013-04-26', 3700, '70.00', 197),
('4592708595', '2013-05-04', 9200, '37.00', 198),
('6381832627', '2013-01-08', 2800, '17.00', 199),
('80238561779', '2013-01-04', 5400, '67.00', 200),
('23986504808', '2013-03-06', 5600, '63.00', 201),
('48885680780', '2013-05-31', 5600, '31.00', 202),
('7579738095', '2013-09-20', 3700, '26.00', 203),
('42630891634', '2013-01-16', 800, '89.00', 204),
('67143725666', '2013-01-19', 3400, '8.00', 205),
('21165379901', '2013-02-05', 6700, '18.00', 206),
('73425429010', '2013-10-13', 10000, '26.00', 207),
('22955745293', '2013-01-30', 7800, '95.00', 208),
('63071206922', '2013-02-08', 2500, '96.00', 209),
('63184646762', '2013-01-04', 2900, '37.00', 210),
('28368242763', '2013-10-21', 6800, '54.00', 211),
('50450276164', '2013-05-29', 5700, '94.00', 212),
('55910612508', '2013-10-25', 10000, '12.00', 213),
('32626920968', '2013-05-22', 5000, '79.00', 214),
('86924486595', '2013-06-30', 7500, '48.00', 215),
('53453451631', '2013-02-18', 3500, '26.00', 216),
('9254397926', '2013-01-24', 4900, '69.00', 217),
('23051439805', '2013-10-23', 7000, '64.00', 218),
('9254397926', '2013-01-10', 5800, '61.00', 219),
('27635093617', '2013-04-26', 5700, '2.00', 220),
('4592708595', '2013-04-25', 8200, '95.00', 221),
('45831153398', '2013-04-02', 6500, '34.00', 222),
('85563159813', '2013-06-07', 6800, '19.00', 223),
('12294620659', '2013-03-23', 9000, '81.00', 224),
('54458588598', '2013-07-31', 2400, '20.00', 225),
('57998320700', '2013-03-29', 8200, '23.00', 226),
('31126240111', '2013-06-01', 6900, '41.00', 227),
('71736850935', '2013-10-25', 5900, '8.00', 228),
('64576875012', '2013-08-08', 7700, '4.00', 229),
('18875714688', '2013-03-22', 3300, '96.00', 230),
('61860389878', '2013-03-17', 2400, '72.00', 231),
('73425429010', '2013-10-05', 2000, '37.00', 232),
('74746315437', '2013-03-22', 2000, '19.00', 233),
('58883551190', '2013-08-12', 1200, '60.00', 234),
('71736850935', '2013-08-11', 2800, '53.00', 235),
('76636425383', '2013-09-25', 5300, '15.00', 236),
('67171245037', '2013-02-18', 3500, '28.00', 237),
('1480598562', '2013-04-15', 8600, '27.00', 238),
('31126240111', '2013-06-10', 900, '8.00', 239),
('27532386805', '2013-04-11', 3400, '34.00', 240),
('42670625208', '2013-07-23', 3200, '60.00', 241),
('24375764489', '2013-01-12', 3900, '81.00', 242),
('80004677344', '2013-10-08', 10000, '34.00', 243),
('4592708595', '2013-07-24', 3400, '69.00', 244),
('79386273007', '2013-08-21', 10000, '75.00', 245),
('64576875012', '2013-09-11', 5400, '40.00', 246),
('83666422389', '2013-06-26', 7900, '76.00', 247),
('28285463832', '2013-05-07', 7900, '69.00', 248),
('79386273007', '2013-07-12', 3500, '51.00', 249),
('23695183288', '2013-02-13', 8500, '82.00', 250),
('51306330832', '2013-02-18', 2000, '40.00', 251),
('85759822824', '2013-06-27', 8200, '87.00', 252),
('94318422297', '2013-09-25', 7800, '26.00', 253),
('22769112161', '2013-10-26', 800, '47.00', 254),
('84583639804', '2013-02-04', 1500, '38.00', 255),
('83666422389', '2013-07-11', 2000, '59.00', 256),
('63184646762', '2013-02-02', 9700, '82.00', 257),
('58883551190', '2013-07-19', 2800, '96.00', 258),
('18425506743', '2013-03-29', 9100, '68.00', 259),
('68301187705', '2013-07-19', 2200, '12.00', 260),
('18597019853', '2013-10-22', 4500, '34.00', 261),
('50363049796', '2013-06-13', 6800, '39.00', 262),
('11425672947', '2013-09-29', 2800, '71.00', 263),
('73328007732', '2013-09-02', 3500, '66.00', 264),
('51351032360', '2013-03-19', 2800, '64.00', 265),
('32474353474', '2013-04-23', 9000, '41.00', 266),
('13106583257', '2013-02-01', 4900, '43.00', 267),
('33003919695', '2013-02-27', 9000, '61.00', 268),
('44295278605', '2013-04-06', 7500, '79.00', 269),
('25242874049', '2013-08-01', 1100, '44.00', 270),
('73328007732', '2013-09-20', 1200, '94.00', 271),
('9356025987', '2013-06-05', 7100, '62.00', 272),
('63949368022', '2013-11-02', 100, '10.00', 273),
('32474353474', '2013-05-29', 1300, '17.00', 274),
('62621275580', '2013-05-18', 7400, '36.00', 275),
('23187876141', '2013-06-19', 7000, '83.00', 276),
('94318422297', '2013-01-08', 6400, '14.00', 277),
('33003919695', '2013-03-11', 3900, '68.00', 278),
('68301187705', '2013-03-01', 9400, '10.00', 279),
('44295278605', '2013-07-25', 700, '34.00', 280),
('20997861792', '2013-05-22', 3100, '13.00', 281),
('40576245859', '2013-08-14', 2800, '20.00', 282),
('4592708595', '2013-02-16', 1600, '34.00', 283),
('18934556580', '2013-01-21', 500, '60.00', 284),
('2569223290', '2013-09-17', 4400, '66.00', 285),
('73616175049', '2013-06-26', 8100, '16.00', 286),
('99337157327', '2013-04-23', 3600, '70.00', 287),
('80202488582', '2013-05-06', 9500, '51.00', 288),
('13327934977', '2013-07-30', 9100, '49.00', 289),
('8098144650', '2013-09-28', 1300, '46.00', 290),
('99337157327', '2013-10-01', 1100, '87.00', 291),
('52295105301', '2013-03-31', 3600, '81.00', 292),
('52295105301', '2013-03-29', 4000, '8.00', 293),
('1053781156', '2013-03-06', 8200, '43.00', 294),
('54637882443', '2013-08-08', 2800, '25.00', 295),
('66813274162', '2013-02-06', 2600, '9.00', 296),
('68728997436', '2013-07-15', 9500, '81.00', 297),
('42809610667', '2013-03-05', 6100, '39.00', 298),
('9254397926', '2013-01-14', 5400, '24.00', 299),
('56166044209', '2013-05-24', 2300, '37.00', 300),
('92103750903', '2013-05-08', 7400, '19.00', 301),
('10394237945', '2013-08-09', 300, '97.00', 302),
('26492385311', '2013-08-18', 8500, '99.00', 303),
('18875714688', '2013-02-05', 9500, '61.00', 304),
('84431822490', '2013-02-26', 900, '89.00', 305),
('91296734559', '2013-03-01', 2900, '85.00', 306),
('18934556580', '2013-02-04', 3300, '51.00', 307),
('7579738095', '2013-06-20', 2500, '59.00', 308),
('43640120647', '2013-01-19', 2100, '45.00', 309),
('85261197560', '2013-07-13', 8000, '10.00', 310),
('13106583257', '2013-01-10', 2100, '73.00', 311),
('62621275580', '2013-01-02', 8500, '21.00', 312),
('9254397926', '2013-02-17', 9400, '13.00', 313),
('85776803629', '2013-10-14', 8500, '69.00', 314),
('58303810151', '2013-03-22', 3700, '17.00', 315),
('27532386805', '2013-06-07', 1900, '73.00', 316),
('52501459468', '2013-01-16', 800, '22.00', 317),
('79106302446', '2013-10-14', 6000, '46.00', 318),
('43211413867', '2013-05-30', 700, '86.00', 319),
('67143725666', '2013-01-08', 8300, '89.00', 320),
('18112802336', '2013-10-25', 1800, '100.00', 321),
('44295278605', '2013-05-08', 1000, '25.00', 322),
('87794927961', '2013-10-17', 8900, '67.00', 323),
('2569736263', '2013-03-03', 3400, '70.00', 324),
('41584359986', '2013-02-11', 1900, '59.00', 325),
('2569736263', '2013-02-01', 9600, '77.00', 326),
('95092676389', '2013-10-25', 5500, '80.00', 327),
('23187876141', '2013-04-21', 4000, '92.00', 328),
('90510184308', '2013-08-17', 1500, '61.00', 329),
('19579853321', '2013-02-23', 1100, '76.00', 330),
('83666422389', '2013-07-16', 1900, '45.00', 331),
('80615573078', '2013-05-31', 9800, '88.00', 332),
('59675405416', '2013-05-27', 7500, '30.00', 333),
('55910612508', '2013-05-20', 2600, '60.00', 334),
('87794927961', '2013-05-15', 2300, '53.00', 335),
('85261197560', '2013-10-24', 2500, '32.00', 336),
('63071206922', '2013-03-19', 3100, '97.00', 337),
('51744709398', '2013-10-09', 6900, '67.00', 338),
('63949368022', '2013-10-11', 4500, '35.00', 339),
('68728997436', '2013-05-07', 200, '83.00', 340),
('51306330832', '2013-01-11', 200, '80.00', 341),
('38911982848', '2013-10-17', 2300, '38.00', 342),
('4201703708', '2013-01-19', 8600, '71.00', 343),
('79757084306', '2013-10-12', 5300, '85.00', 344),
('83856580857', '2013-08-29', 6800, '47.00', 345),
('81006903090', '2013-03-31', 600, '43.00', 346),
('6381832627', '2013-03-26', 3700, '8.00', 347),
('66472400507', '2013-03-17', 100, '28.00', 348),
('37518452981', '2013-08-17', 400, '6.00', 349),
('80202488582', '2013-02-26', 7500, '16.00', 350),
('99166741500', '2013-05-22', 3300, '97.00', 351),
('53527545978', '2013-09-26', 2500, '77.00', 352),
('68301187705', '2013-01-20', 200, '90.00', 353),
('76814042196', '2013-05-10', 4300, '87.00', 354),
('78674315827', '2013-01-21', 7200, '39.00', 355),
('64007360734', '2013-09-14', 7100, '23.00', 356),
('84583639804', '2013-01-08', 4200, '3.00', 357),
('3571675534', '2013-09-30', 3600, '12.00', 358),
('22955745293', '2013-02-18', 2700, '75.00', 359),
('74593208240', '2013-10-23', 5200, '73.00', 360),
('27409996676', '2013-01-09', 2200, '86.00', 361),
('97126897235', '2013-07-14', 5900, '5.00', 362),
('23695183288', '2013-02-12', 1600, '39.00', 363),
('90510184308', '2013-08-28', 1700, '44.00', 364),
('17517134004', '2013-03-02', 400, '17.00', 365),
('62621275580', '2013-08-17', 2200, '85.00', 366),
('84431822490', '2013-06-24', 3100, '81.00', 367),
('43211413867', '2013-02-14', 3000, '2.00', 368),
('4592708595', '2013-03-12', 800, '71.00', 369),
('12262924585', '2013-01-29', 4000, '6.00', 370),
('79757084306', '2013-01-30', 3100, '23.00', 371),
('90510184308', '2013-07-29', 4400, '50.00', 372),
('23998598124', '2013-03-03', 5000, '89.00', 373),
('23695183288', '2013-03-25', 9700, '5.00', 374),
('33172681772', '2013-02-01', 5500, '73.00', 375),
('16959547080', '2013-04-01', 7900, '96.00', 376),
('40576245859', '2013-05-12', 2600, '1.00', 377),
('66472400507', '2013-03-17', 2200, '34.00', 378),
('20997861792', '2013-01-14', 2000, '84.00', 379),
('73425429010', '2013-08-10', 5300, '82.00', 380),
('23695183288', '2013-02-15', 400, '69.00', 381),
('73616175049', '2013-04-30', 5200, '62.00', 382),
('18425506743', '2013-02-19', 8800, '74.00', 383),
('31126240111', '2013-04-07', 1000, '30.00', 384),
('23051439805', '2013-05-08', 9800, '36.00', 385),
('90510184308', '2013-10-14', 1600, '24.00', 386),
('21571246834', '2013-03-09', 9800, '66.00', 387),
('91296734559', '2013-04-23', 8600, '17.00', 388),
('26492385311', '2013-03-21', 8100, '24.00', 389),
('37518452981', '2013-10-07', 2400, '80.00', 390),
('17594477923', '2013-01-24', 9100, '75.00', 391),
('33996417405', '2013-01-05', 9500, '60.00', 392),
('44295278605', '2013-02-20', 100, '57.00', 393),
('21571246834', '2013-03-14', 2700, '96.00', 394),
('45769481962', '2013-10-27', 100, '12.00', 395),
('73531562344', '2013-02-22', 5000, '76.00', 396),
('31785827159', '2013-04-02', 2200, '20.00', 397),
('33494142753', '2013-01-31', 600, '28.00', 398),
('73757794940', '2013-03-08', 2600, '64.00', 399),
('71736850935', '2013-06-27', 1200, '35.00', 400),
('32474353474', '2013-05-01', 9300, '46.00', 401),
('43211413867', '2013-05-29', 600, '84.00', 402),
('18425506743', '2013-01-04', 6200, '100.00', 403),
('27532386805', '2013-04-13', 6600, '89.00', 404),
('95092676389', '2013-05-18', 6000, '62.00', 405),
('18112802336', '2013-03-31', 6200, '19.00', 406),
('52662008025', '2013-02-01', 9500, '42.00', 407),
('32626920968', '2013-04-24', 300, '36.00', 408),
('10394237945', '2013-07-30', 3700, '80.00', 409),
('18425506743', '2013-03-19', 8900, '88.00', 410),
('46508772528', '2013-03-06', 9300, '51.00', 411),
('94318422297', '2013-08-19', 2300, '89.00', 412),
('45831153398', '2013-08-19', 1000, '21.00', 413),
('33003919695', '2013-03-12', 2200, '80.00', 414),
('27635093617', '2013-04-28', 1000, '58.00', 415),
('33996417405', '2013-02-26', 3500, '88.00', 416),
('87866903364', '2013-04-22', 1700, '73.00', 417),
('52813136254', '2013-02-18', 6000, '51.00', 418),
('85261197560', '2013-08-18', 2300, '86.00', 419),
('77182774690', '2013-08-15', 5700, '97.00', 420),
('27635093617', '2013-04-11', 6200, '78.00', 421),
('94318422297', '2013-01-16', 9100, '39.00', 422),
('12262924585', '2013-01-20', 8600, '66.00', 423),
('27635093617', '2013-06-07', 7000, '28.00', 424),
('23695183288', '2013-01-26', 5700, '2.00', 425),
('20712659899', '2013-04-27', 8400, '4.00', 426),
('18934556580', '2013-03-02', 1900, '98.00', 427),
('23187876141', '2013-04-10', 6800, '43.00', 428),
('51351032360', '2013-02-04', 2700, '99.00', 429),
('9254397926', '2013-01-12', 6600, '94.00', 430),
('28368242763', '2013-08-03', 6900, '33.00', 431),
('51744709398', '2013-07-01', 9700, '7.00', 432),
('68728997436', '2013-05-11', 9200, '32.00', 433),
('85776803629', '2013-10-13', 2400, '65.00', 434),
('4201703708', '2013-02-18', 6900, '85.00', 435),
('27635093617', '2013-04-19', 4300, '54.00', 436),
('19579853321', '2013-02-09', 5000, '22.00', 437),
('83666422389', '2013-08-02', 2100, '34.00', 438),
('83856580857', '2013-07-06', 2300, '100.00', 439),
('71736850935', '2013-06-03', 4700, '46.00', 440),
('95463988739', '2013-10-10', 900, '77.00', 441),
('73616175049', '2013-05-24', 5900, '21.00', 442),
('73425429010', '2013-05-25', 6500, '48.00', 443),
('42670625208', '2013-05-18', 8100, '69.00', 444),
('80238561779', '2013-01-05', 100, '100.00', 445),
('86924486595', '2013-10-24', 8100, '14.00', 446),
('10394237945', '2013-03-25', 9400, '88.00', 447),
('38911982848', '2013-08-04', 2700, '60.00', 448),
('79386273007', '2013-07-22', 700, '81.00', 449),
('85563159813', '2013-06-15', 7300, '13.00', 450),
('98217629267', '2013-05-28', 200, '64.00', 451),
('31428280222', '2013-02-10', 7500, '34.00', 452),
('52813136254', '2013-05-15', 1900, '61.00', 453),
('70532588540', '2013-07-12', 5500, '30.00', 454),
('92103750903', '2013-09-28', 3100, '2.00', 455),
('58913445155', '2013-02-16', 7100, '8.00', 456),
('23217895928', '2013-01-24', 500, '48.00', 457),
('16924795710', '2013-01-23', 7600, '9.00', 458),
('79106302446', '2013-07-18', 4200, '69.00', 459),
('76814042196', '2013-02-23', 8100, '52.00', 460),
('45769481962', '2013-02-12', 1500, '34.00', 461),
('85776803629', '2013-08-01', 2000, '26.00', 462),
('18934556580', '2013-03-05', 6900, '37.00', 463),
('87794927961', '2013-09-16', 7900, '61.00', 464),
('23051439805', '2013-08-18', 4200, '13.00', 465),
('18425506743', '2013-02-07', 6400, '96.00', 466),
('98217629267', '2013-09-25', 4900, '84.00', 467),
('63949368022', '2013-10-24', 600, '15.00', 468),
('26763873572', '2013-06-16', 2900, '79.00', 469),
('27409996676', '2013-01-07', 9700, '65.00', 470),
('52813136254', '2013-04-12', 7100, '54.00', 471),
('85261197560', '2013-06-29', 3000, '74.00', 472),
('76636425383', '2013-09-19', 7500, '37.00', 473),
('23986504808', '2013-02-23', 8200, '35.00', 474),
('64007360734', '2013-05-26', 2500, '47.00', 475),
('66813274162', '2013-02-25', 6400, '35.00', 476),
('38261401316', '2013-09-12', 1000, '1.00', 477),
('8098144650', '2013-10-02', 7200, '34.00', 478),
('1480598562', '2013-06-11', 6300, '54.00', 479),
('80202488582', '2013-09-07', 4600, '83.00', 480),
('85563159813', '2013-06-09', 3300, '37.00', 481),
('9102821265', '2013-09-13', 700, '85.00', 482),
('11425672947', '2013-01-05', 5300, '59.00', 483),
('32626920968', '2013-05-05', 1100, '41.00', 484),
('51071848767', '2013-09-02', 3600, '64.00', 485),
('46508772528', '2013-01-10', 5900, '66.00', 486),
('80615573078', '2013-05-17', 5700, '30.00', 487),
('7810762718', '2013-09-10', 100, '72.00', 488),
('42809610667', '2013-06-21', 6300, '48.00', 489),
('67171245037', '2013-05-28', 9900, '48.00', 490),
('19579853321', '2013-02-08', 6800, '14.00', 491),
('62621275580', '2013-07-11', 7300, '75.00', 492),
('71736850935', '2013-07-29', 5200, '95.00', 493),
('68728997436', '2013-02-23', 200, '56.00', 494),
('28285463832', '2013-08-21', 1100, '25.00', 495),
('31428280222', '2013-10-06', 8000, '29.00', 496),
('67143725666', '2013-01-02', 2100, '2.00', 497),
('45831153398', '2013-05-13', 1200, '29.00', 498),
('25242874049', '2013-01-30', 6100, '73.00', 499),
('69921927591', '2013-03-18', 400, '62.00', 500),
('80615573078', '2013-04-02', 1700, '82.00', 501),
('16924795710', '2013-02-24', 5100, '74.00', 502),
('84431822490', '2013-02-20', 6200, '58.00', 503),
('13327934977', '2013-01-16', 5100, '37.00', 504),
('71736850935', '2013-06-07', 4600, '35.00', 505),
('38911982848', '2013-06-20', 8100, '92.00', 506),
('73531562344', '2013-01-15', 400, '72.00', 507),
('51306330832', '2013-02-14', 2600, '84.00', 508),
('28285463832', '2013-05-08', 5600, '54.00', 509),
('84583639804', '2013-01-11', 5400, '60.00', 510),
('52295105301', '2013-02-02', 9800, '81.00', 511),
('9102821265', '2013-02-02', 1100, '21.00', 512),
('20997861792', '2013-08-12', 100, '87.00', 513),
('85759822824', '2013-06-09', 9900, '97.00', 514),
('98247018641', '2013-09-24', 4500, '61.00', 515),
('32474353474', '2013-08-09', 7600, '63.00', 516),
('55910612508', '2013-10-04', 4500, '65.00', 517),
('80238561779', '2013-09-23', 4100, '42.00', 518),
('4592708595', '2013-09-19', 200, '55.00', 519),
('78674315827', '2013-07-20', 6400, '22.00', 520),
('5678982292', '2013-05-12', 2900, '87.00', 521),
('50363049796', '2013-07-08', 6800, '1.00', 522),
('64576875012', '2013-04-06', 900, '35.00', 523),
('8098144650', '2013-08-29', 3300, '24.00', 524),
('24375764489', '2013-02-26', 2200, '51.00', 525),
('52295105301', '2013-03-22', 9200, '92.00', 526),
('90510184308', '2013-10-10', 3400, '26.00', 527),
('18112802336', '2013-03-20', 5100, '77.00', 528),
('66813274162', '2013-01-28', 1900, '7.00', 529),
('12294620659', '2013-03-09', 5200, '35.00', 530),
('23986504808', '2013-01-20', 9700, '23.00', 531),
('80238561779', '2013-03-07', 4000, '35.00', 532),
('52813136254', '2013-06-11', 6000, '40.00', 533),
('22769112161', '2013-03-08', 8700, '70.00', 534),
('24306340538', '2013-03-20', 2100, '47.00', 535),
('51744709398', '2013-08-08', 1800, '72.00', 536),
('89738059313', '2013-01-06', 1200, '45.00', 537),
('17517134004', '2013-03-19', 9200, '2.00', 538),
('63071206922', '2013-02-01', 6600, '26.00', 539),
('85460676053', '2013-08-07', 7100, '65.00', 540),
('51351032360', '2013-02-11', 7200, '17.00', 541),
('8098144650', '2013-09-27', 400, '7.00', 542),
('69806433347', '2013-03-02', 7900, '35.00', 543),
('88860729605', '2013-10-13', 7500, '67.00', 544),
('52813136254', '2013-01-25', 4000, '75.00', 545),
('84431822490', '2013-06-12', 4200, '52.00', 546),
('70016975766', '2013-10-11', 9400, '79.00', 547),
('88860729605', '2013-10-05', 2200, '73.00', 548),
('50363049796', '2013-10-31', 7700, '87.00', 549),
('58883551190', '2013-07-04', 5200, '52.00', 550),
('57998320700', '2013-01-09', 5900, '85.00', 551),
('18606545793', '2013-02-12', 7600, '41.00', 552),
('77182774690', '2013-09-13', 6100, '72.00', 553),
('5678982292', '2013-09-10', 6400, '91.00', 554),
('50450276164', '2013-05-27', 3900, '7.00', 555),
('69806433347', '2013-03-02', 7600, '22.00', 556),
('98247018641', '2013-08-29', 2800, '5.00', 557),
('87866903364', '2013-04-25', 7400, '55.00', 558),
('55910612508', '2013-07-23', 9800, '33.00', 559),
('1053781156', '2013-08-07', 5600, '67.00', 560),
('43404863163', '2013-06-01', 3300, '64.00', 561),
('11425672947', '2013-03-04', 1100, '91.00', 562),
('85460676053', '2013-07-26', 2900, '83.00', 563),
('31025047815', '2013-05-30', 9000, '66.00', 564),
('79386273007', '2013-09-13', 9900, '16.00', 565),
('19579853321', '2013-03-15', 5700, '43.00', 566),
('26492385311', '2013-05-09', 8200, '84.00', 567),
('76814042196', '2013-08-11', 1200, '41.00', 568),
('19579853321', '2013-03-05', 2400, '11.00', 569),
('33494142753', '2013-03-17', 8000, '53.00', 570),
('29537728642', '2013-03-08', 5000, '86.00', 571),
('4201703708', '2013-03-11', 2400, '92.00', 572),
('18425506743', '2013-03-21', 6100, '41.00', 573),
('31785827159', '2013-03-05', 8200, '47.00', 574),
('25455743377', '2013-09-22', 9200, '100.00', 575),
('20997861792', '2013-03-19', 2500, '49.00', 576),
('13327934977', '2013-07-25', 9000, '48.00', 577),
('85460676053', '2013-09-25', 400, '8.00', 578),
('23986504808', '2013-01-28', 2400, '30.00', 579),
('31428280222', '2013-08-31', 500, '86.00', 580),
('89738059313', '2013-01-16', 2100, '58.00', 581),
('70016975766', '2013-10-10', 5400, '93.00', 582),
('73531562344', '2013-01-03', 2900, '39.00', 583),
('53453451631', '2013-01-28', 2800, '10.00', 584),
('48885680780', '2013-07-18', 9600, '84.00', 585),
('73531562344', '2013-01-29', 500, '28.00', 586),
('2569736263', '2013-01-26', 5100, '71.00', 587),
('9102821265', '2013-01-15', 900, '30.00', 588),
('95092676389', '2013-03-06', 1700, '21.00', 589),
('13327934977', '2013-06-06', 9400, '16.00', 590),
('38911982848', '2013-10-28', 4100, '11.00', 591),
('66813274162', '2013-01-30', 2500, '29.00', 592),
('24306340538', '2013-03-04', 6000, '89.00', 593),
('98247018641', '2013-07-23', 6500, '25.00', 594),
('38911982848', '2013-05-31', 6600, '45.00', 595),
('85261197560', '2013-03-19', 9300, '89.00', 596),
('25455743377', '2013-07-11', 4700, '47.00', 597),
('4592708595', '2013-10-06', 1600, '7.00', 598),
('59675405416', '2013-09-13', 9800, '39.00', 599),
('68301187705', '2013-01-07', 9200, '53.00', 600),
('56166044209', '2013-06-18', 7700, '24.00', 601),
('76814042196', '2013-09-21', 6000, '39.00', 602),
('21571246834', '2013-01-16', 6600, '79.00', 603),
('43640120647', '2013-03-31', 5300, '69.00', 604),
('70016975766', '2013-10-28', 1500, '22.00', 605),
('23986504808', '2013-02-27', 4900, '55.00', 606),
('8098144650', '2013-08-04', 7100, '73.00', 607),
('58883551190', '2013-09-05', 4600, '67.00', 608),
('51306330832', '2013-04-01', 9800, '88.00', 609),
('6381832627', '2013-02-12', 6900, '3.00', 610),
('69921927591', '2013-01-09', 3600, '51.00', 611),
('5678982292', '2013-07-14', 8800, '95.00', 612),
('74746315437', '2013-01-24', 5500, '49.00', 613),
('12262924585', '2013-03-15', 5700, '43.00', 614),
('87866903364', '2013-05-12', 8600, '1.00', 615),
('4592708595', '2013-05-18', 2200, '74.00', 616),
('51744709398', '2013-01-15', 200, '93.00', 617),
('21571246834', '2013-02-23', 1300, '90.00', 618),
('26763873572', '2013-02-02', 8300, '80.00', 619),
('74593208240', '2013-07-21', 2000, '42.00', 620),
('98247018641', '2013-06-09', 3400, '11.00', 621),
('73531562344', '2013-02-17', 2800, '84.00', 622),
('64007360734', '2013-06-15', 2300, '11.00', 623),
('12294620659', '2013-03-16', 8000, '52.00', 624),
('27409996676', '2013-01-20', 4700, '72.00', 625),
('18875714688', '2013-01-19', 8000, '41.00', 626),
('80004677344', '2013-08-16', 9600, '89.00', 627),
('73328007732', '2013-08-22', 1700, '13.00', 628),
('20997861792', '2013-02-09', 2700, '94.00', 629),
('52813136254', '2013-10-05', 7100, '81.00', 630),
('25455743377', '2013-10-14', 2400, '39.00', 631),
('51071848767', '2013-05-18', 9400, '2.00', 632),
('74746315437', '2013-03-24', 3000, '67.00', 633),
('32474353474', '2013-05-14', 1800, '58.00', 634),
('29537728642', '2013-04-19', 400, '11.00', 635),
('50363049796', '2013-07-03', 8400, '90.00', 636),
('51744709398', '2013-10-23', 1300, '75.00', 637),
('18112802336', '2013-04-14', 4500, '22.00', 638),
('9102821265', '2013-08-21', 1300, '38.00', 639),
('40576245859', '2013-05-26', 2500, '81.00', 640),
('18112802336', '2013-03-31', 400, '29.00', 641),
('31785827159', '2013-04-19', 8900, '39.00', 642),
('26492385311', '2013-03-17', 800, '67.00', 643),
('27532386805', '2013-04-08', 3600, '57.00', 644),
('56140388973', '2013-09-15', 1800, '55.00', 645),
('99337157327', '2013-03-11', 4800, '69.00', 646),
('3571675534', '2013-10-31', 9100, '57.00', 647),
('73531562344', '2013-01-11', 8400, '84.00', 648),
('5678982292', '2013-08-30', 10000, '86.00', 649),
('66472400507', '2013-04-06', 9800, '94.00', 650),
('57998320700', '2013-08-19', 9500, '49.00', 651),
('90510184308', '2013-09-12', 4900, '65.00', 652),
('84583639804', '2013-08-28', 9700, '49.00', 653),
('54637882443', '2013-06-12', 2000, '38.00', 654),
('19516638591', '2013-01-28', 3500, '86.00', 655),
('94318422297', '2013-03-15', 6300, '40.00', 656),
('45831153398', '2013-02-05', 3800, '53.00', 657),
('33274375212', '2013-05-19', 500, '64.00', 658),
('31785827159', '2013-01-16', 3400, '55.00', 659),
('52295105301', '2013-03-04', 8300, '6.00', 660),
('6381832627', '2013-03-13', 7900, '57.00', 661),
('6381832627', '2013-02-12', 6200, '69.00', 662),
('28368242763', '2013-06-26', 8200, '37.00', 663),
('46508772528', '2013-02-04', 7500, '63.00', 664),
('45831153398', '2013-10-01', 5900, '24.00', 665),
('83856580857', '2013-08-09', 4100, '76.00', 666),
('88860729605', '2013-10-19', 5100, '88.00', 667),
('99337157327', '2013-09-22', 6900, '83.00', 668),
('29537728642', '2013-01-24', 9100, '29.00', 669),
('41584359986', '2013-03-06', 6800, '28.00', 670),
('13227650628', '2013-05-01', 8100, '6.00', 671),
('18875714688', '2013-03-21', 1700, '22.00', 672),
('42809610667', '2013-07-05', 3600, '99.00', 673),
('66472400507', '2013-09-13', 2200, '61.00', 674),
('17517134004', '2013-02-02', 9300, '58.00', 675),
('43211413867', '2013-02-04', 8300, '81.00', 676),
('79386273007', '2013-09-04', 2100, '48.00', 677),
('76636425383', '2013-09-09', 3200, '35.00', 678),
('43211413867', '2013-08-29', 8700, '100.00', 679),
('74746315437', '2013-04-20', 8100, '95.00', 680),
('52295105301', '2013-01-29', 7000, '55.00', 681),
('31428280222', '2013-07-20', 6300, '16.00', 682),
('91296734559', '2013-10-05', 600, '57.00', 683),
('79106302446', '2013-09-24', 7000, '43.00', 684),
('21165379901', '2013-01-05', 9400, '55.00', 685),
('33274375212', '2013-06-25', 400, '39.00', 686),
('24306340538', '2013-03-17', 9500, '27.00', 687),
('99166741500', '2013-05-17', 7200, '5.00', 688),
('42670625208', '2013-01-24', 2400, '98.00', 689),
('95463988739', '2013-05-09', 9300, '13.00', 690),
('67171245037', '2013-09-18', 8700, '77.00', 691),
('44295278605', '2013-03-11', 8400, '50.00', 692),
('20997861792', '2013-10-23', 3300, '77.00', 693),
('4201703708', '2013-03-18', 9200, '7.00', 694),
('52295105301', '2013-02-22', 6600, '56.00', 695),
('38911982848', '2013-09-20', 3400, '31.00', 696),
('32626920968', '2013-05-16', 5800, '41.00', 697),
('45831153398', '2013-03-29', 2000, '14.00', 698),
('31025047815', '2013-04-17', 9600, '58.00', 699),
('17594477923', '2013-01-03', 3700, '78.00', 700),
('55910612508', '2013-09-16', 5700, '50.00', 701),
('51744709398', '2013-08-22', 3300, '34.00', 702),
('81006903090', '2013-08-02', 4800, '28.00', 703),
('70016975766', '2013-11-01', 9300, '79.00', 704),
('9356025987', '2013-05-03', 3900, '48.00', 705),
('69921927591', '2013-01-21', 6900, '75.00', 706),
('57003411517', '2013-08-26', 1700, '80.00', 707),
('76814042196', '2013-05-21', 9200, '20.00', 708),
('18934556580', '2013-01-21', 5000, '85.00', 709),
('28285463832', '2013-08-17', 1800, '67.00', 710),
('99337157327', '2013-08-30', 9400, '31.00', 711),
('24375764489', '2013-08-13', 7300, '47.00', 712),
('96178324703', '2013-04-27', 2100, '70.00', 713),
('31025047815', '2013-09-27', 900, '92.00', 714),
('51071848767', '2013-06-08', 8400, '23.00', 715),
('55910612508', '2013-08-11', 4000, '14.00', 716),
('32474353474', '2013-05-29', 200, '65.00', 717),
('84583639804', '2013-02-24', 9400, '15.00', 718),
('40576245859', '2013-10-06', 1100, '82.00', 719),
('31126240111', '2013-06-07', 2600, '7.00', 720),
('33172681772', '2013-02-21', 5900, '28.00', 721),
('73616175049', '2013-05-27', 2400, '34.00', 722),
('68728997436', '2013-10-28', 8900, '49.00', 723),
('24375764489', '2013-08-19', 3200, '32.00', 724),
('92148102905', '2013-07-20', 3100, '57.00', 725),
('19579853321', '2013-03-24', 8300, '44.00', 726),
('78674315827', '2013-08-04', 1900, '84.00', 727),
('55910612508', '2013-08-09', 5300, '80.00', 728),
('41584359986', '2013-02-09', 7500, '46.00', 729),
('2681717744', '2013-01-12', 8000, '89.00', 730),
('13327934977', '2013-01-15', 5600, '65.00', 731),
('56140388973', '2013-07-31', 8700, '63.00', 732),
('58883551190', '2013-09-07', 8300, '53.00', 733),
('33003919695', '2013-01-15', 1600, '32.00', 734),
('78674315827', '2013-02-11', 7100, '13.00', 735),
('95463988739', '2013-07-22', 2100, '48.00', 736),
('51306330832', '2013-03-12', 4400, '86.00', 737),
('52662008025', '2013-10-22', 2400, '30.00', 738),
('19579853321', '2013-03-11', 9400, '41.00', 739),
('1480598562', '2013-03-05', 8200, '45.00', 740),
('91296734559', '2013-09-06', 7000, '6.00', 741),
('51071848767', '2013-05-10', 7400, '14.00', 742),
('58883551190', '2013-08-30', 9900, '48.00', 743),
('54458588598', '2013-08-11', 8100, '68.00', 744),
('86924486595', '2013-10-22', 7300, '80.00', 745),
('80615573078', '2013-06-12', 5700, '44.00', 746),
('50450276164', '2013-05-18', 2500, '68.00', 747),
('85759822824', '2013-08-16', 1600, '90.00', 748),
('95463988739', '2013-10-30', 2400, '23.00', 749),
('25242874049', '2013-05-05', 3600, '56.00', 750),
('18606545793', '2013-03-08', 9700, '64.00', 751),
('87866903364', '2013-03-28', 5000, '63.00', 752),
('25455743377', '2013-07-18', 3600, '86.00', 753),
('33996417405', '2013-01-18', 3500, '21.00', 754),
('12262924585', '2013-03-29', 1900, '5.00', 755),
('20997861792', '2013-07-25', 2200, '8.00', 756),
('58525719361', '2013-08-14', 4500, '1.00', 757),
('53527545978', '2013-08-31', 5100, '43.00', 758),
('87539746786', '2013-08-10', 7500, '94.00', 759),
('85460676053', '2013-08-22', 2700, '10.00', 760);

-- --------------------------------------------------------

--
-- Структура таблицы `prekes_pardavimai`
--

CREATE TABLE `prekes_pardavimai` (
  `id` int(11) NOT NULL,
  `id_prekes_gavimo` int(10) UNSIGNED NOT NULL,
  `id_rinkos` int(10) UNSIGNED NOT NULL,
  `data` date NOT NULL,
  `kiekis` int(10) UNSIGNED NOT NULL,
  `vnt_kaina` decimal(10,2) NOT NULL
) ENGINE=InnoDB DEFAULT CHARSET=utf8;

--
-- Дамп данных таблицы `prekes_pardavimai`
--

INSERT INTO `prekes_pardavimai` (`id`, `id_prekes_gavimo`, `id_rinkos`, `data`, `kiekis`, `vnt_kaina`) VALUES
(1, 461, 4, '2013-04-02', 114, '58.32'),
(2, 79, 3, '2013-07-30', 1193, '165.34'),
(3, 382, 4, '2013-07-26', 621, '143.05'),
(4, 456, 3, '2013-05-11', 627, '19.40'),
(5, 663, 4, '2013-07-09', 2849, '62.65'),
(6, 129, 3, '2013-10-31', 2687, '101.50'),
(7, 281, 1, '2013-10-30', 592, '19.51'),
(8, 367, 1, '2013-10-16', 433, '188.59'),
(9, 646, 1, '2013-05-22', 69, '119.77'),
(10, 611, 4, '2013-02-06', 1362, '102.32'),
(11, 467, 3, '2013-10-06', 1916, '137.01'),
(12, 335, 1, '2013-07-08', 169, '122.66'),
(13, 634, 2, '2013-08-31', 630, '122.64'),
(14, 672, 4, '2013-10-28', 15, '36.88'),
(15, 213, 2, '2013-11-02', 2991, '24.18'),
(16, 272, 2, '2013-10-01', 1245, '118.86'),
(17, 204, 4, '2013-01-26', 364, '174.76'),
(18, 667, 3, '2013-10-28', 1312, '205.04'),
(19, 188, 3, '2013-08-28', 1027, '66.76'),
(20, 606, 2, '2013-09-15', 853, '101.23'),
(21, 700, 1, '2013-07-22', 493, '145.14'),
(22, 232, 4, '2013-10-06', 935, '80.13'),
(23, 378, 4, '2013-07-16', 675, '68.18'),
(24, 541, 1, '2013-08-12', 3245, '33.26'),
(25, 31, 1, '2013-08-11', 2545, '150.43'),
(26, 266, 2, '2013-10-08', 2957, '89.95'),
(27, 210, 4, '2013-06-04', 591, '75.70'),
(28, 73, 3, '2013-06-08', 3837, '31.77'),
(29, 261, 1, '2013-10-23', 855, '77.31'),
(30, 490, 4, '2013-09-21', 1576, '91.63'),
(31, 123, 2, '2013-04-17', 417, '11.65'),
(32, 206, 2, '2013-06-19', 3269, '34.20'),
(33, 516, 2, '2013-08-16', 592, '130.19'),
(34, 345, 4, '2013-09-23', 417, '94.95'),
(35, 385, 1, '2013-06-19', 2966, '65.79'),
(36, 404, 1, '2013-09-28', 401, '146.55'),
(37, 400, 3, '2013-08-14', 238, '83.59'),
(38, 165, 2, '2013-07-17', 1397, '135.32'),
(39, 296, 3, '2013-09-22', 1149, '21.51'),
(40, 331, 1, '2013-10-12', 303, '76.62'),
(41, 586, 4, '2013-02-14', 167, '47.14'),
(42, 551, 1, '2013-10-07', 2908, '145.22'),
(43, 622, 2, '2013-03-11', 1113, '186.84'),
(44, 13, 3, '2013-03-25', 1, '136.06'),
(45, 718, 4, '2013-07-15', 3993, '31.10'),
(46, 599, 1, '2013-09-30', 4259, '73.80'),
(47, 362, 4, '2013-08-23', 1749, '12.02'),
(48, 728, 1, '2013-10-12', 2579, '172.56'),
(49, 683, 1, '2013-10-16', 256, '95.57'),
(50, 343, 1, '2013-04-22', 309, '134.80'),
(51, 366, 4, '2013-10-17', 758, '137.57'),
(52, 67, 3, '2013-09-29', 983, '185.73'),
(53, 254, 3, '2013-11-02', 324, '102.98'),
(54, 411, 1, '2013-03-11', 135, '80.79'),
(55, 201, 4, '2013-05-26', 1164, '99.44'),
(56, 111, 2, '2013-07-02', 1868, '219.49'),
(57, 296, 4, '2013-06-26', 771, '17.29'),
(58, 55, 4, '2013-05-19', 1287, '151.08'),
(59, 661, 4, '2013-04-29', 1636, '112.50'),
(60, 650, 3, '2013-05-03', 1014, '202.92'),
(61, 323, 2, '2013-10-29', 1717, '161.61'),
(62, 287, 4, '2013-07-11', 502, '117.98'),
(63, 267, 1, '2013-02-26', 2192, '73.26'),
(64, 198, 1, '2013-07-05', 270, '66.32'),
(65, 590, 3, '2013-07-19', 2591, '38.40'),
(66, 314, 2, '2013-10-31', 2231, '109.72'),
(67, 644, 4, '2013-10-09', 196, '137.86'),
(68, 285, 4, '2013-09-30', 1254, '102.72'),
(69, 382, 3, '2013-08-15', 1775, '136.56'),
(70, 129, 3, '2013-10-18', 702, '111.50'),
(71, 530, 3, '2013-09-13', 2221, '84.86'),
(72, 543, 4, '2013-03-17', 2058, '67.51'),
(73, 215, 4, '2013-09-12', 2314, '88.49'),
(74, 709, 2, '2013-09-26', 755, '204.89'),
(75, 133, 3, '2013-09-05', 1447, '106.97'),
(76, 703, 3, '2013-08-29', 1847, '69.55'),
(77, 4, 2, '2013-11-04', 322, '43.44'),
(78, 585, 4, '2013-07-25', 1330, '143.58'),
(79, 438, 3, '2013-08-23', 471, '71.30'),
(80, 19, 2, '2013-09-21', 1651, '148.97'),
(81, 207, 4, '2013-10-21', 2534, '49.81'),
(82, 727, 4, '2013-09-24', 517, '130.00'),
(83, 534, 4, '2013-08-01', 3822, '145.64'),
(84, 559, 2, '2013-08-20', 2896, '54.65'),
(85, 484, 1, '2013-05-07', 312, '94.99'),
(86, 356, 1, '2013-10-04', 1621, '37.70'),
(87, 124, 2, '2013-06-28', 459, '123.94'),
(88, 662, 4, '2013-09-13', 2339, '128.41'),
(89, 53, 3, '2013-09-11', 371, '141.95'),
(90, 361, 4, '2013-06-08', 106, '213.04'),
(91, 302, 3, '2013-09-30', 7, '188.83'),
(92, 195, 1, '2013-06-10', 239, '90.63'),
(93, 231, 4, '2013-06-11', 965, '173.62'),
(94, 341, 3, '2013-02-23', 98, '157.80'),
(95, 602, 1, '2013-10-10', 2072, '65.89'),
(96, 2, 4, '2013-10-09', 2334, '133.05'),
(97, 702, 2, '2013-10-04', 1221, '82.83'),
(98, 395, 4, '2013-10-31', 24, '18.94'),
(99, 429, 2, '2013-10-12', 469, '246.31'),
(100, 28, 1, '2013-10-13', 757, '79.90'),
(101, 460, 3, '2013-03-05', 1722, '78.72'),
(102, 134, 1, '2013-10-29', 3918, '98.71'),
(103, 684, 1, '2013-10-10', 938, '71.50'),
(104, 379, 4, '2013-01-17', 559, '190.57'),
(105, 285, 3, '2013-09-25', 1142, '105.69'),
(106, 480, 2, '2013-11-01', 1015, '154.33'),
(107, 462, 3, '2013-09-15', 285, '39.22'),
(108, 649, 3, '2013-09-12', 4533, '212.78'),
(109, 575, 4, '2013-09-29', 3829, '220.92'),
(110, 517, 1, '2013-10-06', 261, '125.77'),
(111, 82, 2, '2013-10-25', 1111, '179.82'),
(112, 710, 2, '2013-10-14', 668, '135.05'),
(113, 580, 4, '2013-09-23', 49, '210.62'),
(114, 63, 4, '2013-04-11', 977, '142.80'),
(115, 537, 1, '2013-04-21', 440, '95.72'),
(116, 509, 4, '2013-10-22', 2172, '85.61'),
(117, 267, 1, '2013-03-01', 581, '102.79'),
(118, 484, 4, '2013-09-17', 17, '99.90'),
(119, 715, 2, '2013-09-03', 538, '54.69'),
(120, 107, 3, '2013-05-30', 1002, '22.05'),
(121, 156, 2, '2013-08-01', 4313, '70.18'),
(122, 477, 4, '2013-09-28', 360, '2.21'),
(123, 60, 1, '2013-09-18', 2903, '169.78'),
(124, 648, 1, '2013-09-08', 526, '142.87'),
(125, 370, 4, '2013-07-23', 1072, '13.79'),
(126, 426, 2, '2013-07-09', 2121, '7.55'),
(127, 194, 1, '2013-10-04', 2334, '189.31'),
(128, 607, 3, '2013-08-28', 224, '148.60'),
(129, 666, 2, '2013-09-21', 1715, '168.49'),
(130, 338, 4, '2013-10-11', 775, '160.68'),
(131, 420, 4, '2013-10-20', 1110, '193.83'),
(132, 377, 4, '2013-07-08', 148, '2.11'),
(133, 337, 2, '2013-08-24', 964, '149.90'),
(134, 726, 1, '2013-06-13', 2774, '77.43'),
(135, 113, 3, '2013-07-20', 3433, '12.32'),
(136, 178, 4, '2013-08-25', 3056, '54.04'),
(137, 86, 3, '2013-10-14', 1472, '99.84'),
(138, 19, 1, '2013-10-09', 1906, '227.77'),
(139, 349, 4, '2013-09-23', 81, '12.80'),
(140, 372, 3, '2013-10-29', 1830, '91.07'),
(141, 116, 1, '2013-05-24', 1969, '59.03'),
(142, 374, 4, '2013-05-26', 2725, '12.39'),
(143, 735, 1, '2013-04-07', 310, '30.22'),
(144, 712, 1, '2013-10-23', 3038, '97.66'),
(145, 79, 4, '2013-06-03', 614, '219.10'),
(146, 407, 4, '2013-03-08', 3534, '77.41'),
(147, 183, 4, '2013-06-19', 58, '168.65'),
(148, 568, 1, '2013-09-02', 509, '80.53'),
(149, 20, 4, '2013-09-23', 142, '124.93'),
(150, 575, 4, '2013-10-29', 947, '189.53'),
(151, 110, 1, '2013-09-26', 1455, '233.48'),
(152, 717, 2, '2013-10-30', 96, '158.57'),
(153, 456, 3, '2013-09-10', 483, '14.46'),
(154, 682, 4, '2013-08-03', 2283, '27.78'),
(155, 499, 3, '2013-02-01', 984, '152.94'),
(156, 302, 4, '2013-08-10', 37, '167.21'),
(157, 489, 2, '2013-08-11', 602, '112.25'),
(158, 478, 1, '2013-10-22', 2086, '52.37'),
(159, 115, 1, '2013-06-19', 910, '8.32'),
(160, 154, 3, '2013-09-09', 3888, '63.57'),
(161, 361, 3, '2013-01-15', 155, '184.94'),
(162, 161, 2, '2013-10-06', 592, '55.96'),
(163, 562, 2, '2013-10-10', 1, '165.27'),
(164, 111, 4, '2013-09-02', 3498, '205.01'),
(165, 92, 4, '2013-10-09', 403, '163.69'),
(166, 742, 2, '2013-07-08', 485, '30.36'),
(167, 337, 2, '2013-10-23', 1141, '226.76'),
(168, 489, 1, '2013-11-01', 1204, '118.75'),
(169, 167, 1, '2013-10-14', 2257, '1.80'),
(170, 290, 4, '2013-10-14', 166, '113.97'),
(171, 203, 3, '2013-09-26', 1251, '39.47'),
(172, 491, 1, '2013-02-24', 828, '21.56'),
(173, 655, 4, '2013-06-09', 398, '191.74'),
(174, 416, 2, '2013-10-26', 1111, '156.81'),
(175, 484, 2, '2013-08-05', 370, '96.64'),
(176, 121, 3, '2013-09-17', 37, '223.34'),
(177, 227, 4, '2013-08-22', 2599, '69.60'),
(178, 177, 3, '2013-08-29', 2, '145.58'),
(179, 550, 3, '2013-07-09', 189, '91.60'),
(180, 500, 3, '2013-04-08', 132, '96.10'),
(181, 743, 1, '2013-09-16', 702, '116.87'),
(182, 499, 4, '2013-04-09', 1327, '141.08'),
(183, 514, 3, '2013-10-13', 4889, '181.12'),
(184, 708, 4, '2013-10-13', 1207, '43.89'),
(185, 468, 2, '2013-10-31', 101, '32.03'),
(186, 228, 1, '2013-10-27', 2707, '12.76'),
(187, 125, 1, '2013-09-29', 1010, '74.81'),
(188, 320, 3, '2013-02-21', 1940, '213.99'),
(189, 379, 4, '2013-02-18', 882, '130.49'),
(190, 518, 4, '2013-10-19', 1935, '99.04'),
(191, 347, 3, '2013-07-06', 1325, '13.67'),
(192, 408, 4, '2013-10-14', 125, '72.40'),
(193, 69, 3, '2013-02-05', 2882, '91.71'),
(194, 663, 2, '2013-08-02', 2581, '66.44'),
(195, 578, 2, '2013-10-19', 12, '16.33'),
(196, 456, 4, '2013-07-01', 3437, '14.29'),
(197, 406, 1, '2013-07-24', 2419, '34.56'),
(198, 575, 3, '2013-10-03', 1395, '226.13'),
(199, 430, 1, '2013-10-04', 651, '169.09'),
(200, 713, 2, '2013-10-16', 641, '129.59'),
(201, 556, 3, '2013-10-16', 2130, '33.76'),
(202, 342, 1, '2013-10-26', 398, '67.05'),
(203, 725, 3, '2013-08-19', 954, '98.78'),
(204, 61, 3, '2013-05-26', 177, '175.20'),
(205, 709, 4, '2013-09-04', 1175, '211.18'),
(206, 753, 3, '2013-09-12', 1093, '172.01'),
(207, 315, 1, '2013-08-23', 1654, '32.87'),
(208, 721, 3, '2013-06-25', 376, '47.06'),
(209, 219, 3, '2013-06-14', 174, '136.64'),
(210, 713, 1, '2013-08-04', 393, '127.32'),
(211, 178, 1, '2013-06-28', 1337, '60.96'),
(212, 756, 3, '2013-09-14', 979, '19.69'),
(213, 592, 1, '2013-03-09', 990, '59.59'),
(214, 646, 3, '2013-06-14', 780, '133.29'),
(215, 107, 1, '2013-06-27', 1585, '18.53'),
(216, 4, 4, '2013-11-04', 3093, '30.94'),
(217, 628, 4, '2013-09-16', 458, '28.45'),
(218, 485, 3, '2013-10-24', 94, '146.66'),
(219, 520, 2, '2013-10-13', 2009, '49.23'),
(220, 195, 2, '2013-10-03', 1548, '105.73'),
(221, 542, 1, '2013-10-29', 49, '15.41'),
(222, 178, 4, '2013-09-07', 2483, '54.16'),
(223, 20, 2, '2013-07-11', 276, '160.36'),
(224, 292, 1, '2013-09-12', 499, '130.74'),
(225, 50, 1, '2013-09-13', 635, '154.54'),
(226, 602, 2, '2013-10-13', 2996, '77.30'),
(227, 331, 1, '2013-08-31', 590, '106.60'),
(228, 115, 2, '2013-06-23', 3706, '8.02'),
(229, 718, 2, '2013-04-07', 1430, '22.92'),
(230, 439, 1, '2013-08-03', 56, '206.50'),
(231, 350, 1, '2013-08-15', 2614, '31.20'),
(232, 423, 1, '2013-03-07', 1929, '149.45'),
(233, 313, 2, '2013-06-21', 394, '32.41'),
(234, 615, 4, '2013-09-14', 2534, '2.31'),
(235, 498, 4, '2013-06-28', 538, '63.69'),
(236, 125, 2, '2013-10-08', 2755, '94.99'),
(237, 162, 1, '2013-03-21', 668, '24.90'),
(238, 431, 3, '2013-08-29', 732, '57.17'),
(239, 654, 1, '2013-08-27', 930, '59.96'),
(240, 186, 3, '2013-10-25', 824, '78.68'),
(241, 681, 2, '2013-06-30', 2953, '114.82'),
(242, 620, 1, '2013-09-02', 269, '68.34'),
(243, 320, 3, '2013-09-13', 3139, '160.20'),
(244, 503, 3, '2013-04-20', 781, '119.98'),
(245, 587, 1, '2013-02-20', 1861, '134.08'),
(246, 549, 4, '2013-11-03', 2293, '193.34'),
(247, 580, 4, '2013-10-23', 238, '154.62'),
(248, 759, 2, '2013-10-03', 908, '172.03'),
(249, 66, 1, '2013-10-30', 251, '33.61'),
(250, 511, 4, '2013-10-22', 3260, '159.28'),
(251, 740, 2, '2013-05-26', 1157, '85.61'),
(252, 348, 4, '2013-04-25', 31, '58.93'),
(253, 710, 1, '2013-08-30', 897, '133.81'),
(254, 462, 4, '2013-09-17', 987, '50.66'),
(255, 102, 2, '2013-05-30', 162, '152.68'),
(256, 54, 2, '2013-04-14', 89, '157.20'),
(257, 108, 2, '2013-11-03', 605, '224.77'),
(258, 47, 2, '2013-07-13', 15, '56.93'),
(259, 668, 1, '2013-10-12', 104, '189.80'),
(260, 113, 2, '2013-10-11', 4275, '13.48'),
(261, 683, 3, '2013-10-10', 178, '112.23'),
(262, 552, 3, '2013-07-11', 1555, '76.13'),
(263, 534, 4, '2013-07-20', 3085, '166.49'),
(264, 608, 3, '2013-09-21', 1582, '143.80'),
(265, 671, 2, '2013-06-02', 3630, '14.88'),
(266, 423, 2, '2013-03-23', 542, '164.36'),
(267, 484, 4, '2013-08-18', 491, '92.38'),
(268, 59, 4, '2013-02-04', 363, '6.07'),
(269, 569, 4, '2013-04-13', 258, '23.15'),
(270, 388, 2, '2013-07-05', 290, '29.06'),
(271, 721, 4, '2013-09-25', 1743, '53.86'),
(272, 322, 3, '2013-07-09', 225, '43.09'),
(273, 383, 4, '2013-09-04', 649, '144.12'),
(274, 572, 1, '2013-09-16', 756, '208.71'),
(275, 578, 1, '2013-11-02', 90, '15.26'),
(276, 512, 4, '2013-08-08', 96, '49.19'),
(277, 727, 2, '2013-10-06', 840, '157.84'),
(278, 70, 2, '2013-06-02', 227, '112.56'),
(279, 102, 4, '2013-09-08', 2556, '157.13'),
(280, 537, 1, '2013-08-15', 68, '84.57'),
(281, 169, 4, '2013-09-20', 1307, '13.69'),
(282, 658, 3, '2013-07-28', 175, '112.82'),
(283, 332, 2, '2013-07-03', 1318, '194.51'),
(284, 381, 2, '2013-08-29', 118, '154.08'),
(285, 450, 3, '2013-10-18', 810, '25.45'),
(286, 548, 3, '2013-10-24', 816, '170.86'),
(287, 272, 2, '2013-10-31', 1281, '147.30'),
(288, 235, 3, '2013-09-05', 1192, '99.11'),
(289, 487, 1, '2013-07-07', 1051, '73.70'),
(290, 299, 4, '2013-08-01', 1384, '48.83'),
(291, 527, 1, '2013-10-14', 118, '63.59'),
(292, 475, 3, '2013-08-18', 941, '80.40'),
(293, 475, 1, '2013-10-01', 427, '85.78'),
(294, 179, 1, '2013-09-16', 39, '61.82'),
(295, 647, 4, '2013-11-02', 2949, '124.24'),
(296, 36, 2, '2013-09-14', 927, '214.72'),
(297, 176, 3, '2013-06-06', 3720, '92.43'),
(298, 730, 3, '2013-06-03', 941, '199.33'),
(299, 132, 1, '2013-11-03', 1671, '125.30'),
(300, 481, 1, '2013-08-16', 135, '56.79'),
(301, 345, 1, '2013-10-30', 1806, '111.63'),
(302, 698, 2, '2013-09-17', 280, '21.82'),
(303, 270, 3, '2013-09-13', 48, '69.57'),
(304, 366, 4, '2013-08-29', 511, '203.95'),
(305, 724, 1, '2013-08-27', 1302, '72.37'),
(306, 577, 2, '2013-09-01', 2477, '103.28'),
(307, 639, 4, '2013-10-05', 50, '78.61'),
(308, 112, 4, '2013-07-16', 1297, '122.34'),
(309, 175, 2, '2013-05-26', 1720, '129.04'),
(310, 26, 1, '2013-11-02', 1349, '73.30'),
(311, 428, 2, '2013-04-17', 1251, '96.76'),
(312, 290, 3, '2013-10-22', 638, '113.70'),
(313, 129, 4, '2013-11-01', 2089, '100.98'),
(314, 597, 2, '2013-09-04', 2149, '78.03'),
(315, 292, 4, '2013-04-13', 1448, '190.61'),
(316, 182, 3, '2013-10-18', 907, '12.18'),
(317, 66, 3, '2013-10-11', 52, '43.02'),
(318, 366, 1, '2013-08-22', 678, '204.87'),
(319, 280, 2, '2013-10-04', 273, '77.98'),
(320, 493, 1, '2013-09-28', 1975, '229.39'),
(321, 759, 2, '2013-09-04', 2717, '210.82'),
(322, 99, 2, '2013-06-26', 93, '95.56'),
(323, 367, 2, '2013-07-22', 1351, '181.02'),
(324, 757, 1, '2013-08-19', 208, '1.79'),
(325, 431, 3, '2013-08-17', 3065, '82.35'),
(326, 622, 3, '2013-05-09', 803, '204.48'),
(327, 330, 2, '2013-10-22', 517, '179.43'),
(328, 669, 1, '2013-06-09', 3719, '62.26'),
(329, 625, 4, '2013-09-02', 2283, '144.75'),
(330, 527, 4, '2013-10-26', 1114, '48.48'),
(331, 586, 4, '2013-09-25', 47, '52.81'),
(332, 307, 1, '2013-05-12', 1025, '78.48'),
(333, 552, 1, '2013-05-11', 2031, '89.46'),
(334, 120, 3, '2013-10-24', 4691, '102.91'),
(335, 355, 3, '2013-07-20', 2082, '59.00'),
(336, 343, 3, '2013-04-24', 2609, '109.81'),
(337, 275, 1, '2013-07-27', 3417, '67.70'),
(338, 614, 3, '2013-04-15', 1466, '72.21'),
(339, 73, 4, '2013-04-23', 968, '20.39'),
(340, 406, 4, '2013-08-23', 373, '40.05'),
(341, 218, 1, '2013-10-31', 1984, '147.24'),
(342, 481, 4, '2013-07-24', 180, '79.19'),
(343, 332, 3, '2013-10-15', 2188, '185.91'),
(344, 461, 2, '2013-08-22', 583, '75.54'),
(345, 444, 1, '2013-07-04', 836, '117.95'),
(346, 488, 4, '2013-10-04', 25, '126.77'),
(347, 716, 4, '2013-10-16', 211, '23.75'),
(348, 76, 1, '2013-09-02', 2851, '97.02'),
(349, 327, 3, '2013-10-28', 1102, '127.59'),
(350, 204, 1, '2013-04-06', 29, '182.96'),
(351, 169, 2, '2013-09-20', 237, '16.77'),
(352, 604, 2, '2013-05-02', 72, '152.30'),
(353, 81, 1, '2013-07-08', 729, '180.01'),
(354, 647, 1, '2013-11-02', 190, '137.32'),
(355, 156, 3, '2013-06-30', 1624, '84.26'),
(356, 174, 2, '2013-10-17', 929, '240.55'),
(357, 373, 1, '2013-08-14', 1011, '134.94'),
(358, 205, 4, '2013-09-26', 490, '18.71'),
(359, 523, 3, '2013-06-15', 62, '77.18'),
(360, 497, 1, '2013-02-04', 431, '4.48'),
(361, 165, 4, '2013-08-18', 274, '139.48'),
(362, 173, 1, '2013-09-13', 3234, '16.49'),
(363, 278, 1, '2013-08-31', 139, '113.78'),
(364, 684, 4, '2013-10-21', 2585, '96.27'),
(365, 613, 2, '2013-06-09', 475, '94.62'),
(366, 166, 1, '2013-08-09', 933, '164.91'),
(367, 675, 1, '2013-02-06', 2117, '100.86'),
(368, 686, 1, '2013-10-12', 85, '83.95'),
(369, 123, 2, '2013-10-30', 1780, '11.25'),
(370, 710, 4, '2013-10-30', 390, '124.65'),
(371, 213, 4, '2013-10-30', 2098, '25.17'),
(372, 703, 4, '2013-10-09', 2053, '44.50'),
(373, 35, 4, '2013-10-21', 440, '139.63'),
(374, 403, 4, '2013-07-02', 2994, '156.17'),
(375, 501, 3, '2013-06-30', 738, '132.31'),
(376, 568, 2, '2013-10-31', 275, '78.70'),
(377, 196, 4, '2013-09-11', 1552, '167.82'),
(378, 123, 2, '2013-07-16', 1899, '10.01'),
(379, 565, 2, '2013-10-10', 240, '35.37'),
(380, 510, 1, '2013-05-12', 2440, '107.88'),
(381, 37, 3, '2013-09-15', 2592, '174.25'),
(382, 672, 3, '2013-05-21', 314, '34.24'),
(383, 264, 4, '2013-09-13', 1210, '161.22'),
(384, 494, 2, '2013-08-04', 36, '133.95'),
(385, 164, 4, '2013-07-08', 248, '12.03'),
(386, 186, 4, '2013-11-01', 925, '62.99'),
(387, 533, 4, '2013-10-08', 2069, '99.69'),
(388, 80, 4, '2013-10-30', 1010, '145.00'),
(389, 520, 2, '2013-08-12', 2753, '47.74'),
(390, 37, 4, '2013-09-13', 2175, '192.41'),
(391, 570, 4, '2013-10-04', 2833, '129.36'),
(392, 622, 3, '2013-07-18', 103, '178.96'),
(393, 606, 1, '2013-10-17', 1874, '84.27'),
(394, 585, 4, '2013-10-20', 1095, '171.90'),
(395, 337, 4, '2013-03-30', 925, '227.26'),
(396, 378, 3, '2013-06-23', 648, '74.00'),
(397, 347, 3, '2013-08-10', 78, '14.95'),
(398, 149, 2, '2013-08-26', 1320, '20.98'),
(399, 468, 4, '2013-11-02', 80, '36.40'),
(400, 707, 2, '2013-10-23', 323, '152.51'),
(401, 93, 2, '2013-10-05', 538, '185.87'),
(402, 714, 2, '2013-10-27', 206, '222.49'),
(403, 567, 4, '2013-06-17', 1362, '126.80'),
(404, 535, 1, '2013-04-01', 233, '115.68'),
(405, 499, 4, '2013-03-10', 2479, '156.70'),
(406, 94, 1, '2013-09-07', 94, '40.94'),
(407, 341, 4, '2013-08-30', 56, '159.54'),
(408, 314, 4, '2013-10-30', 1666, '147.36'),
(409, 612, 3, '2013-07-15', 451, '190.67'),
(410, 436, 1, '2013-06-04', 1327, '102.81'),
(411, 490, 1, '2013-06-24', 3095, '101.98'),
(412, 60, 2, '2013-09-05', 1147, '146.11'),
(413, 521, 2, '2013-06-16', 1181, '172.84'),
(414, 246, 4, '2013-11-03', 1315, '78.71'),
(415, 737, 2, '2013-10-05', 2156, '152.32'),
(416, 384, 1, '2013-07-04', 131, '47.08'),
(417, 659, 1, '2013-06-28', 984, '94.79'),
(418, 700, 2, '2013-04-29', 421, '194.94'),
(419, 524, 3, '2013-09-19', 940, '57.80'),
(420, 619, 2, '2013-09-18', 1805, '174.33'),
(421, 204, 2, '2013-02-12', 166, '205.71'),
(422, 576, 4, '2013-09-20', 748, '101.61'),
(423, 750, 2, '2013-05-19', 1153, '139.32'),
(424, 705, 3, '2013-05-06', 226, '97.55'),
(425, 565, 1, '2013-09-29', 4808, '38.66'),
(426, 580, 1, '2013-10-13', 145, '206.76'),
(427, 618, 2, '2013-09-09', 123, '189.64'),
(428, 440, 3, '2013-08-14', 1200, '76.16'),
(429, 502, 2, '2013-04-27', 1936, '115.52'),
(430, 262, 4, '2013-06-17', 3243, '85.30'),
(431, 445, 1, '2013-06-28', 40, '182.97'),
(432, 26, 3, '2013-05-21', 400, '81.09'),
(433, 271, 3, '2013-10-26', 342, '182.66'),
(434, 359, 1, '2013-06-28', 245, '142.58'),
(435, 581, 1, '2013-05-31', 106, '94.16'),
(436, 203, 4, '2013-10-04', 362, '40.04'),
(437, 140, 4, '2013-10-02', 2350, '28.38'),
(438, 73, 3, '2013-06-07', 3969, '20.87'),
(439, 117, 3, '2013-08-30', 330, '80.86'),
(440, 36, 1, '2013-08-04', 3264, '234.36'),
(441, 386, 1, '2013-10-25', 607, '39.62'),
(442, 170, 3, '2013-05-31', 749, '99.66'),
(443, 507, 2, '2013-05-22', 84, '166.19'),
(444, 499, 2, '2013-09-02', 1384, '178.27'),
(445, 357, 2, '2013-04-23', 1928, '6.13'),
(446, 6, 3, '2013-11-01', 877, '23.09'),
(447, 705, 4, '2013-05-24', 235, '84.53'),
(448, 414, 1, '2013-10-21', 1026, '186.79'),
(449, 749, 3, '2013-11-01', 449, '51.62'),
(450, 627, 2, '2013-10-03', 3660, '134.88'),
(451, 597, 3, '2013-10-10', 2117, '76.90'),
(452, 374, 3, '2013-10-30', 2330, '9.85'),
(453, 210, 1, '2013-10-06', 177, '88.58'),
(454, 621, 3, '2013-06-25', 1413, '25.84'),
(455, 32, 1, '2013-08-25', 295, '158.65'),
(456, 334, 4, '2013-07-20', 546, '90.66'),
(457, 726, 1, '2013-09-18', 3886, '79.23'),
(458, 153, 2, '2013-08-21', 2075, '133.38'),
(459, 156, 4, '2013-04-21', 899, '89.61'),
(460, 68, 3, '2013-04-09', 830, '170.67'),
(461, 648, 2, '2013-09-29', 1425, '130.58'),
(462, 285, 3, '2013-09-29', 243, '151.03'),
(463, 350, 1, '2013-07-29', 2569, '33.53'),
(464, 270, 2, '2013-10-27', 451, '81.01'),
(465, 456, 1, '2013-04-21', 671, '13.74'),
(466, 159, 1, '2013-07-21', 3165, '77.76'),
(467, 420, 3, '2013-09-05', 1791, '179.91'),
(468, 475, 1, '2013-10-17', 472, '81.11'),
(469, 677, 4, '2013-11-03', 305, '94.71'),
(470, 225, 2, '2013-09-16', 58, '45.22'),
(471, 449, 2, '2013-09-29', 6, '130.98'),
(472, 432, 2, '2013-09-05', 1344, '16.16'),
(473, 355, 1, '2013-03-24', 2312, '80.75'),
(474, 569, 3, '2013-10-16', 1095, '25.19'),
(475, 7, 1, '2013-06-25', 2425, '198.70'),
(476, 322, 4, '2013-10-11', 0, '47.29'),
(477, 736, 2, '2013-10-30', 632, '78.99'),
(478, 432, 4, '2013-10-25', 824, '11.10'),
(479, 70, 3, '2013-10-18', 1272, '131.67'),
(480, 473, 2, '2013-10-20', 2076, '83.17'),
(481, 2, 4, '2013-04-29', 422, '139.67'),
(482, 324, 2, '2013-03-13', 1204, '134.83'),
(483, 62, 4, '2013-05-30', 2687, '170.76'),
(484, 535, 3, '2013-06-08', 620, '113.12'),
(485, 478, 2, '2013-10-27', 322, '56.53'),
(486, 465, 3, '2013-09-29', 483, '26.27'),
(487, 734, 1, '2013-10-09', 799, '56.32'),
(488, 642, 4, '2013-06-18', 3253, '87.72'),
(489, 271, 2, '2013-10-15', 307, '226.29'),
(490, 114, 2, '2013-11-03', 514, '174.71'),
(491, 484, 4, '2013-10-31', 454, '69.27'),
(492, 558, 4, '2013-07-25', 2882, '109.25'),
(493, 166, 2, '2013-04-02', 14, '185.00'),
(494, 415, 2, '2013-10-12', 22, '120.89'),
(495, 304, 4, '2013-09-07', 890, '126.48'),
(496, 522, 1, '2013-08-13', 2732, '1.60'),
(497, 343, 4, '2013-02-19', 972, '163.88'),
(498, 291, 1, '2013-10-13', 214, '205.17'),
(499, 163, 4, '2013-06-07', 122, '51.58'),
(500, 462, 2, '2013-08-10', 930, '48.73'),
(501, 471, 3, '2013-04-29', 991, '89.35'),
(502, 230, 3, '2013-10-20', 351, '168.81'),
(503, 123, 4, '2013-08-19', 937, '10.03'),
(504, 263, 4, '2013-10-01', 997, '136.64'),
(505, 95, 1, '2013-10-30', 2722, '164.01'),
(506, 185, 4, '2013-10-13', 1146, '23.77'),
(507, 370, 4, '2013-10-03', 906, '12.61'),
(508, 52, 3, '2013-10-08', 1016, '180.42'),
(509, 697, 3, '2013-06-14', 2650, '64.51'),
(510, 608, 4, '2013-10-12', 2083, '144.26'),
(511, 715, 1, '2013-08-29', 3290, '40.75'),
(512, 514, 1, '2013-06-11', 1115, '155.44'),
(513, 289, 3, '2013-10-19', 3973, '115.56'),
(514, 102, 3, '2013-08-24', 2117, '187.58'),
(515, 92, 2, '2013-09-28', 95, '120.08'),
(516, 57, 4, '2013-11-01', 407, '209.56'),
(517, 256, 4, '2013-08-25', 513, '112.97'),
(518, 539, 3, '2013-06-28', 1385, '52.03'),
(519, 330, 1, '2013-04-27', 398, '181.07'),
(520, 662, 1, '2013-04-17', 1732, '108.38'),
(521, 480, 2, '2013-10-16', 395, '193.32'),
(522, 121, 3, '2013-10-11', 33, '174.69'),
(523, 254, 4, '2013-10-27', 122, '79.47'),
(524, 695, 3, '2013-03-04', 2006, '136.15'),
(525, 271, 4, '2013-10-27', 221, '173.84'),
(526, 418, 4, '2013-08-02', 431, '117.52'),
(527, 167, 1, '2013-10-05', 1741, '2.41'),
(528, 162, 3, '2013-10-20', 982, '25.36'),
(529, 48, 3, '2013-08-20', 536, '141.86'),
(530, 210, 2, '2013-07-24', 994, '71.81'),
(531, 517, 2, '2013-10-09', 923, '137.28'),
(532, 326, 3, '2013-09-18', 1488, '120.34'),
(533, 11, 1, '2013-07-25', 292, '198.81'),
(534, 312, 4, '2013-04-18', 838, '51.53'),
(535, 498, 4, '2013-06-13', 15, '60.72'),
(536, 578, 4, '2013-10-30', 137, '18.08'),
(537, 417, 4, '2013-09-12', 328, '162.86'),
(538, 426, 2, '2013-07-31', 1226, '9.88'),
(539, 533, 3, '2013-10-30', 2841, '92.88'),
(540, 207, 2, '2013-10-19', 4386, '54.09'),
(541, 647, 2, '2013-11-01', 2788, '99.86'),
(542, 542, 4, '2013-10-13', 69, '13.89'),
(543, 675, 1, '2013-05-15', 1896, '140.52'),
(544, 344, 1, '2013-10-21', 487, '191.13'),
(545, 462, 2, '2013-08-19', 709, '64.37'),
(546, 353, 4, '2013-08-24', 81, '211.12'),
(547, 257, 4, '2013-09-02', 1585, '148.95'),
(548, 186, 3, '2013-10-25', 61, '63.26'),
(549, 450, 4, '2013-07-16', 2380, '27.44'),
(550, 30, 2, '2013-09-25', 2106, '199.77'),
(551, 315, 1, '2013-03-25', 111, '30.09'),
(552, 390, 1, '2013-10-12', 46, '174.77'),
(553, 20, 4, '2013-06-30', 144, '158.38'),
(554, 652, 4, '2013-11-01', 866, '155.50'),
(555, 52, 3, '2013-09-18', 734, '192.94'),
(556, 438, 1, '2013-08-18', 580, '59.87'),
(557, 252, 1, '2013-09-19', 1804, '153.74'),
(558, 88, 3, '2013-02-19', 700, '18.28'),
(559, 162, 3, '2013-09-19', 100, '24.81'),
(560, 749, 2, '2013-11-03', 728, '38.64'),
(561, 615, 4, '2013-05-26', 3660, '1.52'),
(562, 372, 2, '2013-09-21', 1567, '119.82'),
(563, 3, 3, '2013-06-02', 109, '74.22'),
(564, 512, 4, '2013-06-14', 34, '49.85'),
(565, 566, 2, '2013-04-26', 779, '100.20'),
(566, 67, 1, '2013-09-15', 639, '196.29'),
(567, 742, 3, '2013-09-09', 3393, '28.40'),
(568, 562, 2, '2013-10-08', 482, '201.17'),
(569, 190, 4, '2013-11-02', 233, '128.43'),
(570, 66, 1, '2013-10-04', 232, '36.61'),
(571, 301, 3, '2013-10-21', 42, '34.00'),
(572, 555, 4, '2013-08-02', 385, '15.74'),
(573, 227, 4, '2013-06-25', 1772, '66.07'),
(574, 85, 1, '2013-01-13', 2134, '144.86'),
(575, 321, 3, '2013-10-28', 46, '207.77'),
(576, 16, 1, '2013-08-29', 186, '129.02'),
(577, 440, 3, '2013-08-16', 110, '105.26'),
(578, 609, 2, '2013-09-21', 3125, '201.27'),
(579, 5, 3, '2013-01-16', 3082, '179.66'),
(580, 692, 4, '2013-04-28', 3882, '76.16'),
(581, 178, 4, '2013-05-28', 2225, '50.90'),
(582, 187, 4, '2013-04-07', 2400, '142.52'),
(583, 430, 1, '2013-06-27', 1639, '216.50'),
(584, 410, 4, '2013-07-18', 972, '177.38'),
(585, 115, 4, '2013-10-15', 314, '8.27'),
(586, 11, 2, '2013-09-04', 184, '189.02'),
(587, 688, 2, '2013-09-07', 309, '9.71'),
(588, 45, 1, '2013-10-29', 2016, '130.48'),
(589, 749, 1, '2013-11-01', 438, '35.58'),
(590, 140, 1, '2013-08-24', 1366, '21.84'),
(591, 470, 2, '2013-10-23', 4101, '119.91'),
(592, 70, 2, '2013-05-22', 3372, '131.58'),
(593, 130, 4, '2013-10-31', 336, '212.42'),
(594, 322, 1, '2013-09-24', 497, '53.75'),
(595, 385, 1, '2013-06-26', 1922, '59.61'),
(596, 607, 4, '2013-09-28', 1938, '176.82'),
(597, 472, 3, '2013-10-31', 146, '153.08'),
(598, 461, 4, '2013-07-08', 37, '71.18'),
(599, 699, 4, '2013-09-28', 1528, '94.70'),
(600, 3, 4, '2013-08-27', 550, '96.54'),
(601, 606, 3, '2013-07-17', 2443, '99.54'),
(602, 79, 2, '2013-07-15', 2317, '188.58'),
(603, 607, 3, '2013-09-21', 2626, '119.80'),
(604, 178, 4, '2013-07-02', 28, '62.47'),
(605, 195, 2, '2013-10-16', 1302, '111.09'),
(606, 585, 4, '2013-10-11', 2878, '181.27'),
(607, 225, 3, '2013-09-16', 573, '48.39'),
(608, 538, 2, '2013-04-26', 281, '4.63'),
(609, 585, 3, '2013-10-22', 4730, '148.83'),
(610, 187, 1, '2013-06-24', 721, '201.93'),
(611, 557, 2, '2013-09-16', 1386, '8.37'),
(612, 544, 2, '2013-11-01', 3607, '108.58'),
(613, 748, 3, '2013-10-12', 178, '222.01'),
(614, 191, 2, '2013-09-13', 685, '50.60'),
(615, 697, 3, '2013-09-07', 223, '77.61'),
(616, 111, 4, '2013-09-26', 1879, '153.20'),
(617, 390, 3, '2013-10-27', 1172, '173.22'),
(618, 326, 2, '2013-05-21', 4700, '170.31'),
(619, 405, 3, '2013-08-31', 2906, '153.90'),
(620, 199, 3, '2013-01-10', 106, '31.71'),
(621, 121, 1, '2013-10-09', 45, '201.63'),
(622, 504, 1, '2013-09-26', 506, '69.75'),
(623, 123, 1, '2013-06-09', 945, '9.98'),
(624, 76, 1, '2013-11-01', 1697, '76.91'),
(625, 330, 3, '2013-10-13', 461, '148.13'),
(626, 263, 3, '2013-10-25', 395, '123.26'),
(627, 507, 3, '2013-04-22', 190, '162.75'),
(628, 417, 3, '2013-10-24', 392, '143.33'),
(629, 316, 1, '2013-10-24', 252, '148.62'),
(630, 729, 1, '2013-10-03', 2999, '85.35'),
(631, 364, 1, '2013-09-23', 695, '108.20'),
(632, 350, 4, '2013-05-23', 3112, '26.02'),
(633, 335, 4, '2013-06-09', 376, '90.73'),
(634, 160, 2, '2013-03-31', 3095, '83.68'),
(635, 29, 1, '2013-10-01', 144, '162.87'),
(636, 622, 3, '2013-03-10', 999, '153.61'),
(637, 151, 2, '2013-07-27', 2212, '157.70'),
(638, 313, 4, '2013-03-02', 4074, '21.95'),
(639, 15, 3, '2013-06-04', 512, '62.49'),
(640, 508, 3, '2013-09-30', 501, '152.80'),
(641, 400, 3, '2013-08-23', 137, '81.73'),
(642, 742, 2, '2013-08-05', 3451, '23.82'),
(643, 621, 1, '2013-07-10', 737, '22.52'),
(644, 558, 3, '2013-07-18', 1980, '102.83'),
(645, 441, 1, '2013-10-16', 46, '176.49'),
(646, 322, 2, '2013-09-02', 432, '47.00'),
(647, 629, 4, '2013-05-02', 526, '143.94'),
(648, 676, 4, '2013-10-31', 3483, '140.70'),
(649, 346, 4, '2013-08-23', 187, '69.73'),
(650, 476, 3, '2013-08-29', 975, '63.80'),
(651, 615, 4, '2013-09-12', 2275, '2.05'),
(652, 554, 1, '2013-09-19', 349, '145.13'),
(653, 421, 2, '2013-05-12', 1389, '179.52'),
(654, 723, 4, '2013-11-01', 4055, '101.27'),
(655, 66, 1, '2013-09-13', 319, '39.58'),
(656, 59, 1, '2013-02-08', 901, '6.39'),
(657, 527, 4, '2013-11-03', 171, '52.29'),
(658, 363, 3, '2013-04-20', 584, '93.44'),
(659, 621, 1, '2013-07-22', 1269, '26.11'),
(660, 178, 4, '2013-04-06', 30, '65.01'),
(661, 57, 1, '2013-10-30', 403, '206.54'),
(662, 235, 1, '2013-08-31', 1195, '109.75'),
(663, 146, 2, '2013-07-25', 1538, '147.25'),
(664, 654, 2, '2013-06-30', 993, '79.63'),
(665, 467, 4, '2013-11-03', 488, '126.47'),
(666, 702, 2, '2013-09-23', 217, '63.54'),
(667, 14, 1, '2013-08-26', 506, '148.39'),
(668, 23, 1, '2013-10-26', 174, '79.22'),
(669, 302, 3, '2013-08-15', 5, '242.07'),
(670, 214, 2, '2013-10-11', 774, '195.27'),
(671, 575, 4, '2013-11-01', 3358, '236.32'),
(672, 638, 3, '2013-05-10', 87, '50.98'),
(673, 102, 2, '2013-10-28', 1067, '122.36'),
(674, 751, 3, '2013-04-15', 2820, '123.83'),
(675, 427, 2, '2013-06-16', 802, '238.60'),
(676, 598, 1, '2013-10-10', 712, '10.75'),
(677, 662, 1, '2013-06-26', 1313, '144.91'),
(678, 363, 3, '2013-08-24', 678, '60.58'),
(679, 178, 4, '2013-08-28', 1541, '47.11'),
(680, 111, 4, '2013-06-12', 3253, '148.86'),
(681, 497, 4, '2013-05-11', 566, '3.86'),
(682, 77, 1, '2013-10-16', 106, '112.72'),
(683, 35, 1, '2013-10-18', 2486, '139.89'),
(684, 728, 3, '2013-10-22', 787, '192.89'),
(685, 595, 3, '2013-09-12', 1938, '110.03'),
(686, 189, 1, '2013-10-24', 1956, '34.57'),
(687, 515, 1, '2013-09-28', 877, '134.83'),
(688, 479, 4, '2013-08-06', 2453, '121.40'),
(689, 662, 1, '2013-05-30', 2408, '149.86'),
(690, 657, 1, '2013-02-13', 241, '108.59'),
(691, 440, 4, '2013-07-29', 400, '104.08'),
(692, 155, 3, '2013-04-06', 10, '168.52'),
(693, 508, 2, '2013-04-27', 1053, '145.44'),
(694, 649, 1, '2013-10-17', 4692, '173.14'),
(695, 154, 3, '2013-10-14', 967, '80.90'),
(696, 118, 1, '2013-05-30', 132, '133.57'),
(697, 98, 2, '2013-07-28', 47, '14.74'),
(698, 33, 2, '2013-02-26', 28, '119.27'),
(699, 492, 1, '2013-07-15', 442, '151.18'),
(700, 682, 4, '2013-08-12', 1665, '39.98'),
(701, 176, 1, '2013-07-10', 173, '121.05'),
(702, 246, 1, '2013-10-21', 2096, '86.80'),
(703, 45, 2, '2013-07-20', 417, '136.00'),
(704, 161, 1, '2013-09-11', 627, '42.57'),
(705, 361, 3, '2013-05-31', 339, '139.53'),
(706, 96, 3, '2013-08-02', 138, '31.40'),
(707, 93, 1, '2013-02-16', 1087, '161.92'),
(708, 139, 3, '2013-10-11', 992, '56.81'),
(709, 277, 1, '2013-09-04', 3011, '25.30'),
(710, 204, 1, '2013-08-12', 255, '138.68'),
(711, 624, 3, '2013-06-11', 2790, '96.95'),
(712, 136, 3, '2013-08-25', 1774, '141.73'),
(713, 8, 4, '2013-04-06', 1364, '204.19'),
(714, 436, 1, '2013-10-16', 1773, '102.94'),
(715, 615, 3, '2013-08-18', 2415, '1.64'),
(716, 154, 4, '2013-08-15', 3047, '62.78'),
(717, 423, 2, '2013-06-01', 1785, '145.12'),
(718, 564, 4, '2013-07-08', 637, '162.76'),
(719, 64, 4, '2013-08-27', 390, '151.98'),
(720, 701, 1, '2013-10-22', 1155, '116.07'),
(721, 569, 2, '2013-10-08', 1187, '19.54'),
(722, 710, 2, '2013-09-19', 211, '163.14'),
(723, 758, 4, '2013-11-02', 124, '78.81'),
(724, 406, 4, '2013-07-22', 1811, '35.57'),
(725, 129, 4, '2013-10-08', 1385, '117.59'),
(726, 309, 1, '2013-08-23', 346, '85.58'),
(727, 141, 3, '2013-04-21', 177, '179.49'),
(728, 655, 2, '2013-04-16', 399, '155.18'),
(729, 528, 3, '2013-09-27', 690, '180.40'),
(730, 334, 1, '2013-07-27', 629, '102.76'),
(731, 77, 2, '2013-10-19', 125, '117.82'),
(732, 731, 1, '2013-01-26', 1149, '158.66'),
(733, 279, 3, '2013-06-26', 2548, '17.92'),
(734, 232, 2, '2013-10-30', 293, '91.25'),
(735, 377, 1, '2013-10-26', 1109, '1.92'),
(736, 513, 2, '2013-09-25', 17, '147.81'),
(737, 262, 4, '2013-10-26', 341, '85.18'),
(738, 355, 3, '2013-02-25', 1960, '72.73'),
(739, 583, 4, '2013-03-03', 1246, '86.77'),
(740, 280, 1, '2013-07-30', 18, '55.41'),
(741, 67, 2, '2013-09-27', 219, '194.69'),
(742, 269, 4, '2013-10-17', 495, '190.37'),
(743, 707, 2, '2013-09-06', 27, '176.24'),
(744, 373, 3, '2013-06-14', 2468, '193.90'),
(745, 707, 3, '2013-09-25', 102, '144.75'),
(746, 202, 2, '2013-06-29', 2791, '59.82'),
(747, 502, 4, '2013-04-05', 1270, '112.42'),
(748, 117, 2, '2013-07-19', 662, '124.02'),
(749, 745, 1, '2013-11-01', 1076, '121.64'),
(750, 174, 1, '2013-06-03', 34, '192.66'),
(751, 392, 2, '2013-04-20', 1307, '110.19'),
(752, 562, 2, '2013-09-29', 149, '208.20'),
(753, 302, 1, '2013-08-20', 39, '237.89'),
(754, 669, 2, '2013-10-24', 4385, '70.38'),
(755, 104, 3, '2013-08-23', 4371, '155.86'),
(756, 519, 3, '2013-10-04', 38, '132.50'),
(757, 551, 4, '2013-05-10', 878, '150.82'),
(758, 475, 1, '2013-08-11', 708, '89.31'),
(759, 263, 4, '2013-10-10', 422, '149.61'),
(760, 715, 3, '2013-06-28', 3493, '52.13'),
(761, 584, 3, '2013-05-03', 544, '24.30'),
(762, 89, 3, '2013-10-30', 1741, '187.99'),
(763, 224, 4, '2013-08-19', 717, '187.93'),
(764, 411, 1, '2013-08-04', 3038, '96.84'),
(765, 475, 4, '2013-06-01', 1215, '106.24'),
(766, 3, 1, '2013-10-07', 549, '72.08'),
(767, 343, 4, '2013-10-06', 1321, '165.56'),
(768, 394, 3, '2013-05-09', 930, '214.71'),
(769, 597, 4, '2013-09-20', 2026, '92.50'),
(770, 192, 2, '2013-08-24', 1471, '121.34'),
(771, 542, 1, '2013-10-23', 158, '16.70'),
(772, 212, 1, '2013-06-07', 1708, '220.25'),
(773, 665, 4, '2013-10-15', 1639, '48.68'),
(774, 87, 3, '2013-10-30', 273, '149.05'),
(775, 224, 2, '2013-08-30', 4486, '191.27'),
(776, 418, 4, '2013-05-11', 2982, '77.75'),
(777, 613, 2, '2013-03-05', 1719, '108.14'),
(778, 269, 3, '2013-08-24', 657, '189.53'),
(779, 352, 1, '2013-11-02', 187, '180.20'),
(780, 467, 2, '2013-10-25', 586, '205.01'),
(781, 378, 1, '2013-10-31', 114, '70.19'),
(782, 691, 2, '2013-10-12', 3735, '174.17'),
(783, 598, 1, '2013-10-13', 706, '15.48'),
(784, 588, 4, '2013-10-08', 188, '55.84'),
(785, 455, 3, '2013-10-18', 1033, '4.37'),
(786, 314, 1, '2013-10-23', 210, '171.55'),
(787, 352, 4, '2013-10-26', 1192, '148.03'),
(788, 55, 3, '2013-04-30', 3445, '106.91'),
(789, 146, 4, '2013-10-20', 2021, '107.40'),
(790, 758, 1, '2013-09-13', 807, '106.47'),
(791, 163, 2, '2013-10-22', 2049, '50.77'),
(792, 79, 2, '2013-10-05', 2659, '158.38'),
(793, 18, 3, '2013-06-17', 356, '24.60'),
(794, 390, 2, '2013-10-24', 559, '156.98'),
(795, 407, 2, '2013-10-10', 823, '68.50'),
(796, 417, 2, '2013-05-19', 235, '181.47'),
(797, 459, 3, '2013-07-29', 1104, '126.96'),
(798, 405, 3, '2013-06-08', 1771, '129.32'),
(799, 516, 2, '2013-08-23', 114, '137.20'),
(800, 69, 1, '2013-04-18', 1951, '98.84'),
(801, 465, 3, '2013-10-06', 1951, '29.47'),
(802, 604, 2, '2013-04-11', 2467, '139.19'),
(803, 452, 4, '2013-09-09', 1545, '74.21'),
(804, 106, 2, '2013-03-23', 2837, '64.30'),
(805, 213, 2, '2013-11-01', 3182, '18.51'),
(806, 61, 1, '2013-05-22', 76, '132.93'),
(807, 753, 1, '2013-10-24', 869, '189.68'),
(808, 78, 4, '2013-02-07', 1007, '24.93'),
(809, 27, 3, '2013-11-03', 1640, '227.56'),
(810, 557, 4, '2013-09-25', 404, '8.80'),
(811, 466, 1, '2013-06-04', 1211, '201.47'),
(812, 41, 3, '2013-11-03', 172, '102.54'),
(813, 374, 2, '2013-10-23', 445, '10.56'),
(814, 652, 2, '2013-10-23', 174, '98.40'),
(815, 665, 4, '2013-10-30', 691, '50.57'),
(816, 670, 3, '2013-05-26', 2836, '46.98'),
(817, 669, 2, '2013-05-14', 1825, '68.02'),
(818, 596, 1, '2013-03-25', 2694, '207.15'),
(819, 734, 3, '2013-05-12', 412, '60.13'),
(820, 220, 3, '2013-07-02', 1718, '4.94'),
(821, 610, 2, '2013-02-24', 1049, '5.68'),
(822, 491, 4, '2013-02-22', 226, '23.61'),
(823, 31, 1, '2013-09-11', 500, '114.55'),
(824, 717, 1, '2013-07-13', 45, '125.43'),
(825, 426, 3, '2013-09-23', 2631, '9.13'),
(826, 120, 1, '2013-09-10', 3932, '78.23'),
(827, 719, 2, '2013-10-26', 178, '169.53'),
(828, 420, 2, '2013-10-24', 1748, '191.82'),
(829, 743, 4, '2013-10-05', 1508, '114.31'),
(830, 443, 1, '2013-08-13', 2670, '102.16'),
(831, 216, 4, '2013-08-12', 873, '51.07'),
(832, 118, 2, '2013-09-17', 146, '144.50'),
(833, 290, 4, '2013-10-24', 1, '109.77'),
(834, 652, 4, '2013-10-05', 1132, '100.04'),
(835, 656, 3, '2013-09-20', 2906, '67.59'),
(836, 504, 2, '2013-03-10', 846, '59.89'),
(837, 629, 1, '2013-07-19', 856, '176.41'),
(838, 577, 3, '2013-11-02', 3483, '116.54'),
(839, 729, 4, '2013-05-05', 3010, '71.88'),
(840, 302, 2, '2013-10-26', 50, '238.56'),
(841, 698, 2, '2013-09-19', 88, '21.86'),
(842, 664, 2, '2013-02-16', 103, '95.17'),
(843, 251, 2, '2013-10-27', 819, '67.55'),
(844, 310, 3, '2013-09-06', 3408, '23.09'),
(845, 587, 1, '2013-06-13', 62, '152.68'),
(846, 749, 3, '2013-10-31', 1131, '38.59'),
(847, 593, 3, '2013-03-19', 2317, '193.91'),
(848, 714, 3, '2013-09-30', 155, '183.68'),
(849, 619, 4, '2013-06-05', 3104, '151.81'),
(850, 18, 2, '2013-08-31', 499, '22.79'),
(851, 89, 2, '2013-10-29', 2460, '146.03'),
(852, 760, 1, '2013-09-21', 506, '21.59'),
(853, 711, 1, '2013-09-11', 4102, '72.96'),
(854, 594, 3, '2013-09-28', 2234, '49.72'),
(855, 314, 2, '2013-10-22', 1860, '106.69'),
(856, 609, 4, '2013-10-17', 2212, '176.29'),
(857, 392, 1, '2013-02-23', 1425, '90.85'),
(858, 430, 1, '2013-03-04', 2682, '192.84'),
(859, 81, 1, '2013-06-09', 4640, '214.29'),
(860, 699, 2, '2013-10-04', 225, '126.92'),
(861, 385, 1, '2013-07-01', 2156, '64.70'),
(862, 265, 1, '2013-04-27', 1315, '108.66'),
(863, 50, 3, '2013-05-25', 483, '176.72'),
(864, 73, 3, '2013-03-05', 2435, '22.89'),
(865, 179, 3, '2013-09-17', 408, '64.22'),
(866, 455, 1, '2013-10-07', 1466, '3.13'),
(867, 186, 1, '2013-10-22', 219, '66.02'),
(868, 189, 3, '2013-03-26', 794, '42.18'),
(869, 390, 3, '2013-10-20', 468, '161.41'),
(870, 382, 3, '2013-07-17', 1372, '117.25'),
(871, 698, 3, '2013-06-19', 684, '25.32'),
(872, 707, 1, '2013-09-29', 443, '131.40'),
(873, 309, 4, '2013-03-02', 314, '70.35'),
(874, 270, 1, '2013-09-10', 491, '75.47'),
(875, 51, 2, '2013-09-10', 423, '20.04'),
(876, 62, 3, '2013-08-17', 4, '153.91'),
(877, 721, 4, '2013-06-26', 2814, '50.38'),
(878, 211, 4, '2013-10-30', 948, '107.35'),
(879, 565, 4, '2013-10-14', 2741, '39.33'),
(880, 464, 1, '2013-09-23', 3072, '121.82'),
(881, 685, 1, '2013-02-20', 1265, '131.44'),
(882, 484, 4, '2013-08-30', 295, '92.92'),
(883, 750, 4, '2013-06-14', 1413, '99.39'),
(884, 6, 1, '2013-08-22', 1124, '25.16'),
(885, 203, 1, '2013-10-20', 875, '48.04'),
(886, 752, 2, '2013-06-07', 1377, '144.83'),
(887, 304, 3, '2013-05-09', 1466, '123.22'),
(888, 519, 3, '2013-10-20', 81, '84.51'),
(889, 289, 4, '2013-10-10', 2834, '116.38'),
(890, 55, 4, '2013-07-03', 3179, '97.42'),
(891, 715, 1, '2013-08-05', 3620, '38.01'),
(892, 164, 2, '2013-05-31', 515, '10.58'),
(893, 482, 4, '2013-10-24', 31, '135.01'),
(894, 76, 1, '2013-06-02', 2289, '86.13'),
(895, 134, 3, '2013-10-22', 617, '97.80'),
(896, 333, 2, '2013-09-07', 2129, '72.30'),
(897, 566, 2, '2013-09-29', 1426, '105.97'),
(898, 158, 3, '2013-06-25', 1062, '77.01'),
(899, 184, 2, '2013-09-20', 194, '139.77'),
(900, 545, 1, '2013-09-24', 1740, '171.47'),
(901, 336, 4, '2013-10-28', 303, '56.15'),
(902, 709, 1, '2013-06-26', 2383, '139.10'),
(903, 561, 2, '2013-10-07', 1159, '98.96'),
(904, 482, 1, '2013-09-20', 166, '128.23'),
(905, 309, 4, '2013-07-16', 60, '87.28'),
(906, 10, 3, '2013-06-01', 1239, '19.43'),
(907, 442, 2, '2013-07-03', 1256, '39.96'),
(908, 709, 3, '2013-08-20', 1184, '141.05'),
(909, 374, 2, '2013-06-17', 1948, '11.90'),
(910, 722, 2, '2013-06-28', 408, '54.90'),
(911, 465, 1, '2013-09-30', 868, '24.88'),
(912, 50, 4, '2013-10-01', 1663, '116.42'),
(913, 562, 2, '2013-06-01', 425, '207.71'),
(914, 341, 1, '2013-07-06', 61, '142.34'),
(915, 667, 3, '2013-10-28', 2498, '150.37'),
(916, 467, 1, '2013-09-30', 2190, '139.26'),
(917, 594, 3, '2013-08-04', 208, '62.44'),
(918, 229, 4, '2013-10-17', 3806, '8.22'),
(919, 527, 3, '2013-10-30', 608, '48.82'),
(920, 351, 1, '2013-10-04', 1556, '171.83'),
(921, 394, 1, '2013-07-16', 1106, '193.69'),
(922, 521, 2, '2013-06-04', 133, '136.94'),
(923, 267, 4, '2013-02-27', 603, '105.36'),
(924, 376, 3, '2013-04-04', 837, '146.18'),
(925, 182, 4, '2013-09-05', 414, '8.30'),
(926, 63, 3, '2013-09-28', 835, '166.54'),
(927, 318, 2, '2013-11-03', 513, '110.29'),
(928, 145, 2, '2013-10-30', 466, '215.20'),
(929, 651, 4, '2013-09-14', 3456, '105.33'),
(930, 425, 2, '2013-02-14', 1068, '4.36'),
(931, 689, 3, '2013-04-13', 409, '232.82'),
(932, 136, 1, '2013-05-20', 486, '149.09'),
(933, 175, 3, '2013-01-12', 2815, '141.91'),
(934, 586, 4, '2013-10-07', 60, '56.17'),
(935, 427, 2, '2013-09-17', 490, '162.88'),
(936, 556, 1, '2013-05-06', 3104, '39.66'),
(937, 632, 3, '2013-05-29', 1926, '4.72'),
(938, 155, 2, '2013-01-23', 36, '199.16'),
(939, 290, 3, '2013-10-08', 507, '75.84'),
(940, 321, 4, '2013-10-29', 509, '212.54'),
(941, 439, 4, '2013-08-27', 297, '151.41'),
(942, 134, 4, '2013-10-16', 1807, '99.51'),
(943, 110, 4, '2013-11-01', 69, '169.61'),
(944, 119, 1, '2013-07-08', 1221, '157.53'),
(945, 499, 1, '2013-06-02', 1910, '168.38'),
(946, 57, 3, '2013-10-29', 263, '163.18'),
(947, 384, 2, '2013-07-03', 91, '65.38'),
(948, 695, 3, '2013-09-26', 644, '108.44'),
(949, 635, 1, '2013-08-16', 134, '22.80'),
(950, 486, 1, '2013-09-19', 1532, '102.54'),
(951, 473, 4, '2013-10-21', 1467, '86.03'),
(952, 47, 4, '2013-10-28', 14, '74.02'),
(953, 429, 4, '2013-10-16', 0, '168.41'),
(954, 119, 4, '2013-05-09', 605, '146.55'),
(955, 675, 4, '2013-03-09', 1871, '123.80'),
(956, 355, 4, '2013-10-24', 3316, '86.25'),
(957, 668, 4, '2013-10-26', 2874, '189.69'),
(958, 368, 4, '2013-06-07', 1173, '4.26'),
(959, 221, 3, '2013-09-26', 432, '154.98'),
(960, 116, 4, '2013-07-05', 1034, '56.64'),
(961, 209, 3, '2013-08-12', 1083, '170.30'),
(962, 652, 3, '2013-10-22', 54, '149.85'),
(963, 613, 1, '2013-10-23', 1050, '75.03'),
(964, 455, 4, '2013-09-29', 1481, '4.50'),
(965, 79, 3, '2013-10-04', 392, '141.58'),
(966, 443, 1, '2013-05-28', 2657, '73.68'),
(967, 94, 1, '2013-08-17', 1505, '33.21'),
(968, 74, 1, '2013-08-03', 273, '77.17'),
(969, 561, 1, '2013-06-07', 425, '107.30'),
(970, 103, 2, '2013-04-22', 5, '112.59'),
(971, 705, 1, '2013-09-11', 590, '90.22'),
(972, 310, 2, '2013-11-02', 3232, '15.72'),
(973, 288, 4, '2013-10-23', 2201, '102.50'),
(974, 409, 4, '2013-08-15', 486, '187.23'),
(975, 603, 2, '2013-05-17', 1786, '155.55'),
(976, 175, 1, '2013-08-13', 587, '146.87'),
(977, 180, 3, '2013-09-19', 485, '140.28'),
(978, 324, 1, '2013-05-11', 1509, '146.92'),
(979, 721, 1, '2013-05-17', 2520, '49.88'),
(980, 135, 4, '2013-10-01', 1454, '180.00'),
(981, 639, 3, '2013-10-08', 102, '89.44'),
(982, 275, 1, '2013-09-30', 1529, '78.58'),
(983, 238, 2, '2013-05-21', 3523, '56.07'),
(984, 520, 2, '2013-09-04', 1257, '48.21'),
(985, 131, 3, '2013-07-13', 580, '223.61'),
(986, 90, 1, '2013-09-30', 779, '147.87'),
(987, 516, 2, '2013-10-03', 1964, '137.32'),
(988, 631, 1, '2013-10-31', 238, '76.12'),
(989, 501, 1, '2013-08-23', 812, '187.97'),
(990, 43, 3, '2013-09-25', 37, '166.71'),
(991, 92, 3, '2013-10-19', 421, '127.64'),
(992, 607, 1, '2013-10-05', 1364, '175.87'),
(993, 58, 1, '2013-07-05', 770, '1.51'),
(994, 202, 1, '2013-07-20', 1630, '75.97'),
(995, 260, 3, '2013-07-20', 199, '28.64'),
(996, 90, 3, '2013-10-20', 1269, '154.44'),
(997, 127, 3, '2013-05-17', 1773, '179.21'),
(998, 76, 2, '2013-09-19', 2528, '66.33'),
(999, 301, 4, '2013-05-20', 1154, '35.32'),
(1000, 463, 1, '2013-09-30', 756, '74.71'),
(1001, 3, 3, '2013-10-20', 494, '107.57'),
(1002, 438, 2, '2013-10-16', 517, '52.97'),
(1003, 690, 3, '2013-10-01', 4113, '32.35'),
(1004, 50, 3, '2013-06-17', 886, '156.24'),
(1005, 49, 2, '2013-04-20', 1535, '102.47'),
(1006, 479, 1, '2013-10-08', 599, '107.74'),
(1007, 293, 4, '2013-10-14', 79, '15.87'),
(1008, 499, 4, '2013-04-23', 127, '132.42'),
(1009, 747, 4, '2013-08-02', 348, '106.10'),
(1010, 588, 1, '2013-06-01', 66, '55.32'),
(1011, 634, 1, '2013-07-01', 306, '138.07'),
(1012, 666, 1, '2013-09-11', 531, '125.84'),
(1013, 101, 1, '2013-08-23', 2582, '168.41'),
(1014, 484, 3, '2013-10-02', 24, '92.73'),
(1015, 674, 4, '2013-10-18', 90, '115.28'),
(1016, 89, 2, '2013-11-01', 954, '180.61'),
(1017, 189, 2, '2013-02-16', 1083, '45.05'),
(1018, 500, 2, '2013-08-19', 193, '144.67'),
(1019, 193, 4, '2013-08-16', 3056, '37.51'),
(1020, 678, 3, '2013-11-03', 109, '66.05'),
(1021, 507, 2, '2013-08-17', 97, '126.11'),
(1022, 485, 1, '2013-10-22', 376, '138.70'),
(1023, 95, 4, '2013-08-12', 2244, '187.07'),
(1024, 471, 1, '2013-06-07', 2192, '95.94'),
(1025, 488, 4, '2013-10-09', 40, '144.28'),
(1026, 471, 2, '2013-04-26', 2867, '126.76'),
(1027, 753, 4, '2013-10-14', 943, '144.62'),
(1028, 174, 3, '2013-06-26', 164, '208.82'),
(1029, 334, 2, '2013-10-13', 500, '109.14'),
(1030, 217, 2, '2013-05-29', 591, '164.79'),
(1031, 344, 4, '2013-10-28', 2441, '166.12'),
(1032, 24, 3, '2013-08-28', 160, '44.76'),
(1033, 393, 1, '2013-05-06', 17, '137.77'),
(1034, 405, 3, '2013-08-13', 2426, '124.51'),
(1035, 351, 2, '2013-06-10', 80, '232.84'),
(1036, 738, 2, '2013-10-27', 90, '54.38'),
(1037, 228, 1, '2013-10-29', 2193, '17.67'),
(1038, 731, 2, '2013-04-17', 1230, '114.27'),
(1039, 425, 4, '2013-10-27', 239, '4.01'),
(1040, 734, 1, '2013-04-05', 680, '61.82'),
(1041, 235, 2, '2013-10-02', 1050, '128.43'),
(1042, 129, 3, '2013-10-15', 183, '86.04'),
(1043, 329, 2, '2013-10-16', 200, '94.03'),
(1044, 527, 2, '2013-10-20', 1522, '45.89'),
(1045, 202, 3, '2013-09-08', 1127, '49.45'),
(1046, 607, 2, '2013-08-29', 170, '141.65'),
(1047, 587, 3, '2013-02-12', 2471, '154.21'),
(1048, 376, 4, '2013-07-08', 968, '227.41'),
(1049, 337, 4, '2013-08-06', 678, '180.66'),
(1050, 740, 2, '2013-07-05', 1669, '91.76'),
(1051, 375, 3, '2013-06-12', 2074, '134.99'),
(1052, 455, 1, '2013-10-16', 566, '3.76'),
(1053, 704, 1, '2013-11-03', 4056, '193.93'),
(1054, 152, 2, '2013-05-12', 3270, '91.55'),
(1055, 349, 1, '2013-10-28', 29, '9.06'),
(1056, 704, 2, '2013-11-03', 32, '135.24'),
(1057, 355, 4, '2013-02-02', 2004, '84.56'),
(1058, 394, 3, '2013-08-18', 469, '213.89'),
(1059, 486, 2, '2013-07-07', 2356, '112.45'),
(1060, 357, 3, '2013-07-14', 1055, '6.43'),
(1061, 124, 2, '2013-09-10', 1366, '119.91'),
(1062, 664, 3, '2013-04-22', 1075, '131.93'),
(1063, 98, 4, '2013-07-06', 154, '16.19'),
(1064, 431, 4, '2013-09-01', 3317, '78.78'),
(1065, 463, 2, '2013-07-18', 330, '86.01'),
(1066, 347, 4, '2013-09-28', 1304, '12.15'),
(1067, 137, 1, '2013-10-31', 1006, '149.29'),
(1068, 236, 1, '2013-10-25', 154, '37.44'),
(1069, 217, 2, '2013-09-09', 70, '154.19'),
(1070, 478, 1, '2013-10-21', 2623, '81.07'),
(1071, 272, 1, '2013-07-11', 1854, '149.23'),
(1072, 105, 3, '2013-10-25', 487, '80.83'),
(1073, 307, 2, '2013-02-24', 490, '90.52'),
(1074, 322, 1, '2013-08-03', 296, '50.43'),
(1075, 303, 3, '2013-10-19', 2007, '242.34'),
(1076, 579, 1, '2013-04-28', 919, '70.99'),
(1077, 676, 2, '2013-02-13', 2324, '178.64'),
(1078, 31, 1, '2013-10-04', 566, '97.27'),
(1079, 574, 1, '2013-10-03', 888, '92.77'),
(1080, 745, 1, '2013-10-31', 641, '177.60'),
(1081, 621, 3, '2013-06-20', 349, '25.38'),
(1082, 525, 3, '2013-06-12', 753, '84.78'),
(1083, 583, 1, '2013-08-21', 419, '65.58'),
(1084, 275, 2, '2013-05-25', 2413, '59.15'),
(1085, 728, 3, '2013-10-14', 961, '163.11'),
(1086, 709, 4, '2013-07-14', 1035, '149.03'),
(1087, 77, 3, '2013-09-26', 106, '147.92'),
(1088, 403, 4, '2013-05-28', 741, '227.93'),
(1089, 116, 4, '2013-06-05', 1854, '48.54'),
(1090, 89, 4, '2013-10-30', 2292, '182.47'),
(1091, 650, 4, '2013-09-08', 3561, '181.77'),
(1092, 150, 3, '2013-11-01', 1566, '88.33'),
(1093, 24, 4, '2013-07-23', 463, '56.33'),
(1094, 618, 1, '2013-08-17', 594, '180.25'),
(1095, 131, 2, '2013-09-28', 612, '185.16'),
(1096, 724, 2, '2013-10-17', 1229, '65.57'),
(1097, 414, 4, '2013-06-24', 602, '153.83'),
(1098, 588, 1, '2013-06-02', 37, '45.21'),
(1099, 598, 2, '2013-10-28', 717, '11.45'),
(1100, 746, 1, '2013-11-01', 1473, '93.79'),
(1101, 424, 2, '2013-09-06', 482, '66.35'),
(1102, 586, 2, '2013-10-17', 16, '56.84'),
(1103, 473, 4, '2013-10-10', 2457, '89.89'),
(1104, 666, 3, '2013-10-07', 1261, '116.63'),
(1105, 38, 3, '2013-05-09', 2208, '172.18'),
(1106, 50, 2, '2013-09-25', 1787, '148.44'),
(1107, 597, 3, '2013-08-08', 2162, '111.84'),
(1108, 245, 2, '2013-10-08', 2731, '174.03'),
(1109, 40, 1, '2013-08-29', 470, '61.99'),
(1110, 74, 2, '2013-10-18', 2879, '75.34'),
(1111, 282, 4, '2013-08-20', 769, '41.01'),
(1112, 121, 1, '2013-09-07', 43, '138.89'),
(1113, 522, 3, '2013-09-09', 1920, '1.74'),
(1114, 464, 4, '2013-10-10', 3040, '113.30'),
(1115, 321, 3, '2013-10-30', 286, '165.90'),
(1116, 400, 4, '2013-10-14', 430, '55.00'),
(1117, 136, 1, '2013-04-10', 2575, '130.05'),
(1118, 512, 1, '2013-07-30', 1, '32.98'),
(1119, 131, 1, '2013-07-24', 941, '201.24'),
(1120, 166, 3, '2013-03-19', 669, '128.28'),
(1121, 443, 4, '2013-08-15', 892, '113.17'),
(1122, 87, 3, '2013-07-27', 711, '136.94'),
(1123, 700, 3, '2013-06-07', 892, '186.63'),
(1124, 355, 2, '2013-01-26', 1440, '95.71'),
(1125, 446, 3, '2013-10-30', 3987, '24.01'),
(1126, 709, 2, '2013-02-26', 2416, '167.06'),
(1127, 336, 4, '2013-10-29', 926, '61.53'),
(1128, 758, 2, '2013-10-27', 467, '75.10'),
(1129, 725, 3, '2013-10-01', 1042, '103.52'),
(1130, 110, 4, '2013-10-08', 2075, '202.96'),
(1131, 127, 1, '2013-08-18', 81, '151.96'),
(1132, 662, 1, '2013-09-11', 2659, '165.45'),
(1133, 18, 3, '2013-10-13', 840, '26.12'),
(1134, 473, 4, '2013-10-22', 2328, '89.29'),
(1135, 453, 2, '2013-09-14', 739, '139.13'),
(1136, 555, 3, '2013-08-27', 978, '16.12'),
(1137, 382, 2, '2013-08-04', 374, '104.67'),
(1138, 745, 1, '2013-10-29', 3567, '148.95'),
(1139, 61, 2, '2013-10-05', 59, '208.14'),
(1140, 535, 2, '2013-06-26', 573, '91.40'),
(1141, 500, 1, '2013-07-31', 119, '106.77'),
(1142, 109, 1, '2013-09-25', 3829, '192.15'),
(1143, 619, 4, '2013-10-25', 2285, '188.31'),
(1144, 132, 1, '2013-10-21', 1182, '127.47'),
(1145, 727, 2, '2013-09-01', 181, '129.49'),
(1146, 462, 3, '2013-09-30', 53, '48.43'),
(1147, 703, 4, '2013-10-02', 407, '67.03'),
(1148, 79, 3, '2013-10-25', 325, '197.64'),
(1149, 481, 2, '2013-07-15', 79, '74.53'),
(1150, 72, 2, '2013-06-22', 2290, '105.19'),
(1151, 70, 3, '2013-08-29', 1089, '104.43'),
(1152, 685, 3, '2013-04-05', 881, '84.92'),
(1153, 216, 3, '2013-08-07', 273, '60.00'),
(1154, 217, 3, '2013-07-05', 1052, '133.62'),
(1155, 651, 3, '2013-10-26', 747, '78.75'),
(1156, 527, 3, '2013-10-12', 1690, '59.36'),
(1157, 349, 4, '2013-10-29', 61, '13.44'),
(1158, 360, 1, '2013-11-01', 1737, '110.19'),
(1159, 653, 1, '2013-08-31', 896, '112.51'),
(1160, 52, 4, '2013-09-20', 1667, '192.73'),
(1161, 425, 4, '2013-10-10', 815, '4.38'),
(1162, 756, 1, '2013-09-23', 985, '17.58'),
(1163, 656, 4, '2013-09-18', 2891, '67.34'),
(1164, 337, 4, '2013-04-26', 409, '226.18'),
(1165, 501, 4, '2013-06-20', 287, '171.42'),
(1166, 407, 4, '2013-10-17', 4363, '95.72'),
(1167, 179, 2, '2013-07-23', 613, '64.14'),
(1168, 498, 2, '2013-10-08', 50, '68.96'),
(1169, 244, 1, '2013-08-07', 72, '159.16'),
(1170, 141, 1, '2013-10-16', 21, '221.01'),
(1171, 477, 2, '2013-10-24', 275, '1.83'),
(1172, 193, 4, '2013-07-21', 402, '41.35'),
(1173, 133, 4, '2013-05-23', 2070, '103.86'),
(1174, 29, 2, '2013-09-26', 57, '127.83'),
(1175, 103, 2, '2013-10-12', 49, '75.80'),
(1176, 174, 1, '2013-08-27', 261, '154.38'),
(1177, 86, 1, '2013-10-12', 3767, '143.40'),
(1178, 61, 1, '2013-09-22', 87, '196.02'),
(1179, 384, 1, '2013-06-14', 213, '50.14'),
(1180, 670, 1, '2013-07-23', 1205, '43.47'),
(1181, 140, 2, '2013-08-29', 2082, '24.86'),
(1182, 426, 3, '2013-07-04', 314, '7.20'),
(1183, 747, 2, '2013-07-05', 618, '145.12'),
(1184, 469, 1, '2013-09-21', 773, '166.46'),
(1185, 670, 4, '2013-06-20', 1187, '54.44'),
(1186, 147, 1, '2013-10-13', 1477, '14.97'),
(1187, 560, 2, '2013-08-26', 1514, '106.24'),
(1188, 195, 4, '2013-10-03', 1462, '94.73'),
(1189, 187, 4, '2013-10-03', 3642, '164.76'),
(1190, 272, 2, '2013-10-05', 3416, '117.96'),
(1191, 436, 4, '2013-05-14', 901, '119.90'),
(1192, 512, 3, '2013-05-08', 307, '47.49'),
(1193, 478, 4, '2013-10-07', 1321, '66.14'),
(1194, 664, 3, '2013-03-10', 1081, '98.76');
INSERT INTO `prekes_pardavimai` (`id`, `id_prekes_gavimo`, `id_rinkos`, `data`, `kiekis`, `vnt_kaina`) VALUES
(1195, 711, 1, '2013-09-30', 756, '58.48'),
(1196, 694, 1, '2013-06-30', 391, '11.05'),
(1197, 702, 1, '2013-09-02', 769, '81.89'),
(1198, 239, 4, '2013-07-01', 446, '16.26'),
(1199, 510, 3, '2013-08-02', 2216, '93.25'),
(1200, 688, 4, '2013-10-02', 3152, '12.28'),
(1201, 121, 2, '2013-09-10', 44, '227.45'),
(1202, 669, 4, '2013-04-26', 2845, '47.92'),
(1203, 218, 2, '2013-11-02', 3400, '108.82'),
(1204, 391, 1, '2013-02-18', 3803, '181.31'),
(1205, 139, 2, '2013-07-25', 3061, '64.60'),
(1206, 646, 4, '2013-11-01', 2388, '103.97'),
(1207, 370, 1, '2013-02-12', 439, '14.72'),
(1208, 455, 4, '2013-10-03', 1076, '3.28'),
(1209, 745, 1, '2013-10-30', 2317, '147.53'),
(1210, 183, 1, '2013-09-15', 6, '193.76'),
(1211, 574, 2, '2013-09-07', 1931, '73.77'),
(1212, 135, 2, '2013-10-20', 1788, '195.84'),
(1213, 425, 3, '2013-03-24', 1275, '4.27'),
(1214, 18, 2, '2013-09-23', 254, '28.00'),
(1215, 322, 3, '2013-07-13', 162, '50.68'),
(1216, 627, 2, '2013-10-08', 3515, '193.48'),
(1217, 645, 2, '2013-09-24', 754, '119.73'),
(1218, 523, 1, '2013-10-07', 140, '85.87'),
(1219, 336, 4, '2013-11-02', 372, '79.81'),
(1220, 144, 1, '2013-03-13', 1913, '50.22'),
(1221, 468, 2, '2013-11-01', 53, '34.23'),
(1222, 755, 4, '2013-06-19', 486, '9.72'),
(1223, 251, 1, '2013-08-15', 108, '79.04'),
(1224, 246, 2, '2013-09-14', 2280, '62.39'),
(1225, 131, 3, '2013-09-28', 1191, '242.60'),
(1226, 263, 1, '2013-10-24', 997, '139.65'),
(1227, 19, 1, '2013-07-29', 2387, '170.47'),
(1228, 265, 2, '2013-11-03', 1291, '135.98'),
(1229, 300, 3, '2013-07-21', 1037, '72.04'),
(1230, 266, 1, '2013-08-04', 1327, '98.15'),
(1231, 65, 3, '2013-07-11', 118, '40.62'),
(1232, 366, 1, '2013-09-22', 1099, '179.95'),
(1233, 274, 2, '2013-06-12', 375, '36.27'),
(1234, 396, 3, '2013-06-12', 652, '114.66'),
(1235, 492, 2, '2013-08-10', 1006, '157.34'),
(1236, 460, 1, '2013-04-05', 63, '108.82'),
(1237, 500, 1, '2013-10-15', 161, '110.36'),
(1238, 38, 1, '2013-10-30', 277, '149.37'),
(1239, 13, 2, '2013-08-23', 148, '165.24'),
(1240, 663, 1, '2013-10-01', 2392, '81.46'),
(1241, 323, 2, '2013-10-30', 3047, '110.59'),
(1242, 171, 3, '2013-09-06', 30, '96.30'),
(1243, 328, 2, '2013-07-10', 1419, '168.66'),
(1244, 128, 4, '2013-08-23', 3299, '223.13'),
(1245, 242, 3, '2013-01-30', 1607, '197.99'),
(1246, 407, 3, '2013-04-11', 1933, '75.23'),
(1247, 221, 3, '2013-06-10', 1226, '217.77'),
(1248, 533, 2, '2013-06-21', 2828, '80.88'),
(1249, 541, 2, '2013-09-07', 1237, '31.84'),
(1250, 150, 3, '2013-09-28', 111, '113.69'),
(1251, 252, 4, '2013-09-01', 1477, '154.26'),
(1252, 394, 4, '2013-05-20', 812, '158.97'),
(1253, 654, 3, '2013-10-31', 405, '60.94'),
(1254, 508, 2, '2013-05-05', 258, '133.45'),
(1255, 724, 3, '2013-10-23', 1546, '57.40'),
(1256, 61, 3, '2013-07-24', 192, '141.73'),
(1257, 721, 4, '2013-08-09', 2888, '67.47'),
(1258, 225, 4, '2013-09-28', 389, '45.80'),
(1259, 52, 2, '2013-11-02', 1161, '214.95'),
(1260, 485, 1, '2013-10-16', 980, '136.14'),
(1261, 388, 2, '2013-07-30', 2698, '36.24'),
(1262, 719, 4, '2013-10-14', 271, '174.83'),
(1263, 289, 2, '2013-10-04', 2310, '97.84'),
(1264, 532, 2, '2013-10-25', 618, '75.81'),
(1265, 666, 1, '2013-09-13', 35, '180.69'),
(1266, 260, 1, '2013-08-24', 48, '20.56'),
(1267, 462, 3, '2013-10-29', 43, '49.58'),
(1268, 362, 2, '2013-10-24', 874, '11.36'),
(1269, 426, 3, '2013-10-30', 2322, '9.37'),
(1270, 275, 4, '2013-08-19', 824, '70.75'),
(1271, 618, 1, '2013-08-09', 581, '179.76'),
(1272, 138, 3, '2013-10-01', 26, '87.83'),
(1273, 101, 1, '2013-09-30', 4748, '142.65'),
(1274, 680, 2, '2013-09-24', 3719, '162.09'),
(1275, 596, 1, '2013-05-22', 3539, '220.58'),
(1276, 642, 1, '2013-08-18', 470, '85.97'),
(1277, 741, 3, '2013-09-18', 3178, '14.57'),
(1278, 694, 4, '2013-10-15', 3647, '12.03'),
(1279, 434, 2, '2013-10-28', 1094, '124.79'),
(1280, 473, 2, '2013-10-06', 2085, '81.06'),
(1281, 521, 2, '2013-09-27', 1242, '211.08'),
(1282, 325, 3, '2013-02-28', 498, '114.62'),
(1283, 715, 4, '2013-09-11', 3632, '43.89'),
(1284, 8, 4, '2013-05-30', 32, '188.78'),
(1285, 562, 2, '2013-07-21', 368, '195.35'),
(1286, 724, 2, '2013-09-06', 305, '56.80'),
(1287, 334, 4, '2013-10-01', 243, '121.69'),
(1288, 589, 2, '2013-03-26', 691, '48.87'),
(1289, 570, 3, '2013-08-25', 3992, '127.34'),
(1290, 217, 4, '2013-06-20', 2178, '164.70'),
(1291, 505, 3, '2013-09-30', 406, '72.83'),
(1292, 38, 2, '2013-05-22', 527, '159.14'),
(1293, 740, 3, '2013-04-21', 1674, '88.68'),
(1294, 21, 2, '2013-09-25', 692, '138.37'),
(1295, 574, 3, '2013-04-11', 1809, '106.18'),
(1296, 81, 3, '2013-07-12', 401, '239.11'),
(1297, 157, 3, '2013-10-12', 2137, '117.45'),
(1298, 738, 2, '2013-10-23', 30, '73.38'),
(1299, 444, 1, '2013-09-06', 1743, '116.70'),
(1300, 265, 3, '2013-08-19', 1054, '145.20'),
(1301, 278, 4, '2013-07-28', 1201, '124.23'),
(1302, 620, 3, '2013-10-12', 952, '79.99'),
(1303, 149, 4, '2013-04-12', 1657, '24.29'),
(1304, 292, 3, '2013-09-24', 874, '202.09'),
(1305, 406, 1, '2013-07-22', 1858, '37.00'),
(1306, 524, 2, '2013-09-27', 1391, '57.74'),
(1307, 221, 3, '2013-11-03', 1140, '179.87'),
(1308, 235, 3, '2013-08-23', 675, '80.34'),
(1309, 199, 2, '2013-07-16', 151, '36.52'),
(1310, 140, 3, '2013-10-27', 1579, '22.96'),
(1311, 106, 2, '2013-03-22', 2110, '62.61'),
(1312, 740, 2, '2013-03-23', 2462, '102.90'),
(1313, 188, 4, '2013-06-08', 562, '44.41'),
(1314, 709, 4, '2013-06-25', 1129, '181.27'),
(1315, 372, 4, '2013-10-16', 311, '89.26'),
(1316, 688, 4, '2013-05-18', 534, '11.20'),
(1317, 590, 1, '2013-07-14', 185, '31.08'),
(1318, 456, 2, '2013-03-13', 511, '15.50'),
(1319, 307, 3, '2013-08-29', 758, '78.36'),
(1320, 200, 1, '2013-09-05', 2442, '108.15'),
(1321, 271, 1, '2013-10-28', 566, '155.32'),
(1322, 306, 3, '2013-10-16', 256, '136.34'),
(1323, 332, 4, '2013-11-02', 3115, '150.50'),
(1324, 506, 2, '2013-07-10', 355, '138.73'),
(1325, 538, 3, '2013-09-13', 3946, '4.92'),
(1326, 337, 3, '2013-05-11', 419, '209.59'),
(1327, 34, 1, '2013-07-02', 1480, '120.60'),
(1328, 655, 3, '2013-03-05', 1577, '139.67'),
(1329, 740, 3, '2013-10-14', 857, '80.87'),
(1330, 562, 2, '2013-09-30', 220, '175.30'),
(1331, 211, 4, '2013-11-03', 1280, '85.81'),
(1332, 457, 2, '2013-04-24', 78, '101.48'),
(1333, 711, 3, '2013-09-08', 3890, '69.32'),
(1334, 263, 4, '2013-10-06', 1089, '127.70'),
(1335, 116, 1, '2013-06-02', 3007, '42.35'),
(1336, 591, 1, '2013-10-31', 1653, '26.69'),
(1337, 303, 3, '2013-09-04', 1175, '222.77'),
(1338, 428, 1, '2013-10-18', 1205, '64.94'),
(1339, 89, 1, '2013-11-03', 2491, '175.82'),
(1340, 117, 2, '2013-03-12', 640, '86.76'),
(1341, 650, 4, '2013-06-01', 3460, '211.04'),
(1342, 663, 3, '2013-09-13', 3281, '62.17'),
(1343, 652, 1, '2013-10-08', 2348, '116.58'),
(1344, 340, 3, '2013-08-22', 7, '175.36'),
(1345, 587, 4, '2013-09-17', 811, '113.46'),
(1346, 492, 2, '2013-09-11', 1384, '134.43'),
(1347, 262, 4, '2013-07-30', 2525, '87.44'),
(1348, 546, 3, '2013-08-21', 385, '102.58'),
(1349, 415, 3, '2013-09-29', 321, '132.34'),
(1350, 683, 4, '2013-11-03', 162, '129.79'),
(1351, 115, 4, '2013-04-28', 4543, '6.22'),
(1352, 588, 2, '2013-05-05', 320, '58.12'),
(1353, 256, 3, '2013-07-17', 927, '117.59'),
(1354, 328, 1, '2013-09-02', 1875, '196.79'),
(1355, 129, 3, '2013-10-16', 3217, '117.59'),
(1356, 260, 4, '2013-07-26', 964, '20.48'),
(1357, 735, 4, '2013-05-30', 1423, '29.80'),
(1358, 221, 4, '2013-09-18', 1674, '215.80'),
(1359, 616, 1, '2013-09-02', 933, '136.56'),
(1360, 583, 1, '2013-02-27', 1258, '89.54'),
(1361, 214, 1, '2013-07-24', 1233, '145.23'),
(1362, 339, 1, '2013-10-16', 97, '72.85'),
(1363, 701, 2, '2013-10-24', 403, '93.85'),
(1364, 382, 1, '2013-07-25', 435, '121.45'),
(1365, 181, 3, '2013-09-01', 842, '79.24'),
(1366, 755, 3, '2013-10-16', 930, '8.27'),
(1367, 555, 2, '2013-10-07', 1332, '17.02'),
(1368, 709, 2, '2013-07-13', 567, '154.91'),
(1369, 119, 3, '2013-10-22', 1002, '200.94'),
(1370, 422, 4, '2013-03-24', 763, '64.32'),
(1371, 102, 4, '2013-05-22', 2069, '125.05'),
(1372, 420, 2, '2013-09-02', 2210, '167.50'),
(1373, 223, 2, '2013-10-06', 1208, '35.26'),
(1374, 452, 1, '2013-08-19', 1857, '62.54'),
(1375, 494, 4, '2013-04-18', 3, '114.48'),
(1376, 746, 4, '2013-09-09', 1267, '82.62'),
(1377, 613, 1, '2013-06-30', 1749, '98.94'),
(1378, 371, 4, '2013-08-09', 1365, '42.36'),
(1379, 3, 2, '2013-03-28', 1156, '83.91'),
(1380, 513, 2, '2013-10-10', 28, '192.28'),
(1381, 593, 4, '2013-09-28', 366, '138.73'),
(1382, 563, 2, '2013-10-27', 670, '168.36'),
(1383, 29, 2, '2013-09-21', 172, '172.82'),
(1384, 41, 4, '2013-10-31', 268, '96.20'),
(1385, 518, 3, '2013-10-09', 1460, '80.10'),
(1386, 352, 4, '2013-10-31', 341, '167.14'),
(1387, 493, 4, '2013-09-19', 1694, '205.26'),
(1388, 119, 2, '2013-07-10', 1098, '208.61'),
(1389, 97, 3, '2013-08-15', 543, '198.48'),
(1390, 10, 1, '2013-06-12', 972, '18.87'),
(1391, 74, 2, '2013-08-26', 2229, '61.55'),
(1392, 541, 2, '2013-07-15', 957, '35.58'),
(1393, 497, 1, '2013-02-22', 59, '4.56'),
(1394, 759, 2, '2013-10-12', 1329, '192.91'),
(1395, 76, 1, '2013-09-08', 3201, '68.83'),
(1396, 683, 4, '2013-10-29', 283, '99.13'),
(1397, 122, 2, '2013-09-16', 434, '1.89'),
(1398, 723, 2, '2013-11-01', 284, '92.48'),
(1399, 471, 1, '2013-09-12', 1993, '111.99'),
(1400, 152, 2, '2013-05-18', 715, '109.44'),
(1401, 173, 1, '2013-10-02', 3679, '16.40'),
(1402, 394, 2, '2013-05-25', 14, '156.52'),
(1403, 607, 3, '2013-09-30', 2518, '159.61'),
(1404, 383, 4, '2013-05-09', 2033, '140.42'),
(1405, 288, 3, '2013-08-23', 3873, '90.40'),
(1406, 496, 3, '2013-11-01', 3046, '45.27'),
(1407, 745, 1, '2013-10-23', 3357, '162.95'),
(1408, 563, 2, '2013-10-27', 21, '149.20'),
(1409, 183, 2, '2013-06-08', 49, '154.41'),
(1410, 693, 3, '2013-10-30', 21, '137.70'),
(1411, 121, 1, '2013-09-26', 7, '183.54'),
(1412, 616, 4, '2013-06-13', 225, '153.33'),
(1413, 727, 1, '2013-08-27', 481, '193.42'),
(1414, 657, 4, '2013-06-19', 92, '120.29'),
(1415, 616, 2, '2013-09-14', 222, '177.89'),
(1416, 465, 4, '2013-10-28', 1796, '26.47'),
(1417, 254, 1, '2013-10-27', 388, '94.40'),
(1418, 635, 3, '2013-08-22', 123, '18.62'),
(1419, 653, 2, '2013-09-05', 64, '108.34'),
(1420, 607, 1, '2013-09-20', 1568, '158.01'),
(1421, 330, 3, '2013-11-03', 545, '187.69'),
(1422, 49, 2, '2013-10-02', 1519, '101.84'),
(1423, 234, 3, '2013-10-15', 581, '122.88'),
(1424, 202, 2, '2013-10-08', 1427, '48.28'),
(1425, 203, 1, '2013-10-24', 1130, '59.41'),
(1426, 520, 1, '2013-07-30', 344, '38.73'),
(1427, 445, 3, '2013-10-28', 5, '215.22'),
(1428, 726, 1, '2013-10-13', 2369, '72.08'),
(1429, 663, 4, '2013-11-01', 1949, '71.91'),
(1430, 747, 1, '2013-09-29', 782, '153.31'),
(1431, 627, 3, '2013-10-26', 1034, '168.20'),
(1432, 629, 1, '2013-05-01', 466, '218.00'),
(1433, 216, 4, '2013-03-06', 1463, '39.10'),
(1434, 728, 4, '2013-09-23', 1449, '135.96'),
(1435, 478, 2, '2013-10-14', 668, '80.18'),
(1436, 254, 2, '2013-11-01', 37, '83.04'),
(1437, 510, 2, '2013-01-27', 1259, '100.38'),
(1438, 567, 3, '2013-07-31', 3300, '178.95'),
(1439, 94, 3, '2013-08-22', 2380, '40.62'),
(1440, 471, 2, '2013-07-04', 2647, '109.06'),
(1441, 499, 2, '2013-05-10', 744, '119.64'),
(1442, 685, 2, '2013-10-23', 1853, '87.18'),
(1443, 164, 4, '2013-06-13', 1149, '7.80'),
(1444, 738, 1, '2013-10-28', 1149, '60.17'),
(1445, 382, 2, '2013-08-31', 1977, '144.86'),
(1446, 613, 1, '2013-10-06', 2730, '86.38'),
(1447, 611, 2, '2013-04-20', 1601, '99.02'),
(1448, 11, 1, '2013-08-19', 147, '171.10'),
(1449, 30, 3, '2013-09-22', 1561, '146.95'),
(1450, 460, 2, '2013-04-20', 362, '118.94'),
(1451, 116, 3, '2013-09-03', 3281, '66.99'),
(1452, 336, 2, '2013-10-30', 1176, '52.35'),
(1453, 18, 3, '2013-09-28', 824, '27.28'),
(1454, 349, 1, '2013-09-07', 198, '10.00'),
(1455, 377, 4, '2013-10-11', 1065, '2.01'),
(1456, 221, 3, '2013-05-10', 3499, '146.61'),
(1457, 45, 3, '2013-09-27', 688, '163.67'),
(1458, 372, 4, '2013-09-08', 1740, '109.46'),
(1459, 574, 1, '2013-03-23', 1211, '82.68'),
(1460, 722, 1, '2013-08-01', 326, '55.45'),
(1461, 182, 1, '2013-10-16', 1038, '9.89'),
(1462, 756, 3, '2013-11-03', 597, '17.82'),
(1463, 565, 1, '2013-09-14', 4261, '28.46'),
(1464, 121, 3, '2013-10-22', 10, '194.89'),
(1465, 257, 4, '2013-07-07', 4368, '189.29'),
(1466, 748, 4, '2013-09-12', 218, '166.22'),
(1467, 497, 3, '2013-10-09', 560, '4.85'),
(1468, 419, 1, '2013-08-20', 402, '186.98'),
(1469, 450, 1, '2013-07-31', 2124, '31.82'),
(1470, 213, 4, '2013-11-03', 613, '25.60'),
(1471, 747, 3, '2013-09-30', 113, '106.03'),
(1472, 119, 4, '2013-05-13', 1367, '199.31'),
(1473, 89, 4, '2013-10-29', 3, '199.63'),
(1474, 614, 3, '2013-05-10', 1847, '87.04'),
(1475, 226, 4, '2013-08-25', 3326, '35.11'),
(1476, 278, 2, '2013-08-24', 801, '167.27'),
(1477, 202, 3, '2013-08-28', 2676, '48.92'),
(1478, 573, 1, '2013-07-18', 1154, '74.84'),
(1479, 713, 4, '2013-07-30', 503, '169.64'),
(1480, 29, 2, '2013-09-16', 31, '125.66'),
(1481, 199, 2, '2013-01-31', 153, '30.94'),
(1482, 475, 3, '2013-07-09', 494, '78.30'),
(1483, 396, 3, '2013-08-04', 1776, '161.75'),
(1484, 200, 3, '2013-01-07', 437, '152.94'),
(1485, 241, 3, '2013-09-05', 1257, '128.97'),
(1486, 483, 1, '2013-10-01', 1323, '137.39'),
(1487, 163, 1, '2013-09-04', 2106, '49.72'),
(1488, 274, 4, '2013-08-30', 414, '32.98'),
(1489, 697, 1, '2013-07-04', 296, '88.50'),
(1490, 132, 2, '2013-11-03', 2145, '129.38'),
(1491, 38, 2, '2013-04-03', 2171, '121.92'),
(1492, 293, 1, '2013-08-18', 210, '16.68'),
(1493, 665, 2, '2013-10-22', 880, '51.82'),
(1494, 113, 3, '2013-08-06', 126, '14.55'),
(1495, 710, 3, '2013-09-29', 867, '112.43'),
(1496, 311, 1, '2013-11-03', 476, '129.53'),
(1497, 282, 2, '2013-08-15', 328, '32.80'),
(1498, 272, 2, '2013-11-03', 1983, '142.95'),
(1499, 347, 2, '2013-06-13', 638, '17.35'),
(1500, 335, 1, '2013-07-07', 607, '117.78'),
(1501, 206, 4, '2013-02-13', 3225, '40.24'),
(1502, 134, 4, '2013-10-29', 3166, '105.65'),
(1503, 679, 4, '2013-10-04', 2628, '192.20'),
(1504, 300, 3, '2013-07-12', 253, '63.30'),
(1505, 343, 3, '2013-05-12', 1413, '139.68'),
(1506, 9, 1, '2013-09-27', 210, '81.39'),
(1507, 114, 3, '2013-07-10', 271, '175.66'),
(1508, 561, 4, '2013-08-05', 1599, '134.44'),
(1509, 510, 1, '2013-02-09', 1826, '95.72'),
(1510, 81, 2, '2013-07-07', 4709, '183.75'),
(1511, 739, 2, '2013-05-02', 3950, '84.16'),
(1512, 383, 1, '2013-04-23', 2423, '113.10'),
(1513, 623, 4, '2013-08-24', 418, '20.36'),
(1514, 18, 2, '2013-08-11', 247, '21.75'),
(1515, 54, 1, '2013-09-15', 537, '161.05'),
(1516, 102, 2, '2013-09-12', 503, '167.73'),
(1517, 687, 1, '2013-08-25', 2434, '53.57'),
(1518, 735, 2, '2013-10-04', 3420, '21.68'),
(1519, 184, 4, '2013-10-24', 292, '132.74'),
(1520, 679, 3, '2013-09-06', 2068, '152.75');

-- --------------------------------------------------------

--
-- Структура таблицы `prekes_rinkos`
--

CREATE TABLE `prekes_rinkos` (
  `id_prekes` int(10) UNSIGNED NOT NULL,
  `id_rinkos` int(10) UNSIGNED NOT NULL,
  `kaina` decimal(10,2) UNSIGNED NOT NULL,
  `nuo_datos` date NOT NULL,
  `iki_datos` date NOT NULL
) ENGINE=InnoDB DEFAULT CHARSET=utf8;

-- --------------------------------------------------------

--
-- Структура таблицы `prekes_tiekejai`
--

CREATE TABLE `prekes_tiekejai` (
  `id_prekes` int(10) UNSIGNED NOT NULL,
  `id_tiekejo` int(10) UNSIGNED NOT NULL,
  `barkodas` varchar(20) NOT NULL,
  `nuo_datos` date NOT NULL,
  `iki_datos` date DEFAULT NULL
) ENGINE=InnoDB DEFAULT CHARSET=utf8;

--
-- Дамп данных таблицы `prekes_tiekejai`
--

INSERT INTO `prekes_tiekejai` (`id_prekes`, `id_tiekejo`, `barkodas`, `nuo_datos`, `iki_datos`) VALUES
(26, 5, '10394237945', '2013-01-01', NULL),
(5, 2, '1053781156', '2013-01-01', NULL),
(34, 5, '10707861008', '2013-01-01', NULL),
(17, 1, '11425672947', '2013-01-01', NULL),
(35, 1, '12262924585', '2013-01-01', '2013-03-31'),
(3, 1, '12294620659', '2013-01-01', '2013-03-31'),
(30, 2, '12627669714', '2013-01-01', NULL),
(31, 3, '13106583257', '2013-01-01', '2013-03-31'),
(31, 3, '13227650628', '2013-04-01', '2013-06-30'),
(37, 2, '13327934977', '2013-01-01', NULL),
(16, 4, '1480598562', '2013-01-01', NULL),
(12, 2, '16924795710', '2013-01-01', '2013-03-31'),
(31, 4, '16959547080', '2013-01-01', '2013-03-31'),
(38, 1, '17517134004', '2013-01-01', '2013-03-31'),
(10, 2, '17594477923', '2013-01-01', '2013-03-31'),
(34, 4, '18112802336', '2013-01-01', NULL),
(31, 1, '18425506743', '2013-01-01', '2013-03-31'),
(29, 6, '18597019853', '2013-01-01', NULL),
(39, 2, '18606545793', '2013-01-01', '2013-03-31'),
(8, 5, '18875714688', '2013-01-01', '2013-03-31'),
(7, 5, '18934556580', '2013-01-01', '2013-03-31'),
(14, 1, '19516638591', '2013-01-01', '2013-03-31'),
(21, 5, '19579853321', '2013-01-01', '2013-03-31'),
(38, 3, '20712659899', '2013-01-01', NULL),
(9, 5, '20997861792', '2013-01-01', NULL),
(25, 3, '21165379901', '2013-01-01', '2013-03-31'),
(35, 3, '21571246834', '2013-01-01', '2013-03-31'),
(5, 5, '22769112161', '2013-01-01', NULL),
(13, 6, '22955745293', '2013-01-01', '2013-03-31'),
(10, 2, '23051439805', '2013-04-01', NULL),
(4, 4, '23187876141', '2013-01-01', NULL),
(23, 3, '23217895928', '2013-01-01', '2013-03-31'),
(22, 5, '23695183288', '2013-01-01', '2013-03-31'),
(15, 2, '23986504808', '2013-01-01', '2013-03-31'),
(34, 6, '23998598124', '2013-01-01', NULL),
(29, 1, '24306340538', '2013-01-01', '2013-03-31'),
(11, 3, '24375764489', '2013-01-01', NULL),
(15, 3, '25242874049', '2013-01-01', NULL),
(13, 4, '25455743377', '2013-01-01', NULL),
(15, 4, '2569223290', '2013-01-01', NULL),
(8, 6, '2569736263', '2013-01-01', '2013-03-31'),
(37, 4, '26153722150', '2013-01-01', NULL),
(14, 4, '26492385311', '2013-01-01', NULL),
(28, 5, '26763873572', '2013-01-01', NULL),
(7, 2, '2681717744', '2013-01-01', NULL),
(24, 2, '27409996676', '2013-01-01', '2013-03-31'),
(15, 2, '27532386805', '2013-04-01', '2013-06-30'),
(39, 2, '27635093617', '2013-04-01', '2013-06-30'),
(3, 2, '28068841926', '2013-01-01', '2013-03-31'),
(9, 6, '28285463832', '2013-01-01', NULL),
(2, 6, '28368242763', '2013-01-01', NULL),
(27, 6, '29537728642', '2013-01-01', NULL),
(31, 1, '31025047815', '2013-04-01', NULL),
(14, 1, '31126240111', '2013-04-01', '2013-06-30'),
(22, 3, '31428280222', '2013-01-01', NULL),
(38, 2, '31785827159', '2013-01-01', NULL),
(24, 3, '32474353474', '2013-01-01', NULL),
(21, 5, '32626920968', '2013-04-01', '2013-06-30'),
(20, 6, '33003919695', '2013-01-01', '2013-03-31'),
(14, 5, '33172681772', '2013-01-01', '2013-03-31'),
(38, 1, '33274375212', '2013-04-01', '2013-06-30'),
(4, 5, '33494142753', '2013-01-01', '2013-03-31'),
(12, 6, '33996417405', '2013-01-01', '2013-03-31'),
(38, 1, '34172101257', '2013-07-01', '2013-09-30'),
(31, 2, '3571675534', '2013-01-01', NULL),
(13, 6, '35953093167', '2013-04-01', NULL),
(39, 2, '37518452981', '2013-07-01', NULL),
(29, 5, '38261401316', '2013-01-01', NULL),
(31, 4, '38911982848', '2013-04-01', NULL),
(5, 1, '40576245859', '2013-01-01', NULL),
(8, 3, '41584359986', '2013-01-01', '2013-03-31'),
(3, 6, '4201703708', '2013-01-01', '2013-03-31'),
(19, 3, '42630891634', '2013-01-01', '2013-03-31'),
(35, 5, '42670625208', '2013-01-01', NULL),
(33, 3, '42809610667', '2013-01-01', NULL),
(39, 5, '43211413867', '2013-01-01', NULL),
(27, 1, '43268284335', '2013-01-01', NULL),
(23, 3, '43404863163', '2013-04-01', '2013-06-30'),
(4, 5, '43583285476', '2013-04-01', NULL),
(13, 5, '43640120647', '2013-01-01', '2013-03-31'),
(12, 4, '44295278605', '2013-01-01', NULL),
(23, 6, '45769481962', '2013-01-01', NULL),
(1, 2, '45831153398', '2013-01-01', NULL),
(9, 3, '4592708595', '2013-01-01', NULL),
(7, 4, '46508772528', '2013-01-01', '2013-03-31'),
(12, 6, '47691837835', '2013-04-01', '2013-06-30'),
(17, 6, '48885680780', '2013-01-01', NULL),
(12, 2, '50363049796', '2013-04-01', NULL),
(7, 4, '50450276164', '2013-04-01', '2013-06-30'),
(25, 3, '51071848767', '2013-04-01', NULL),
(6, 3, '51306330832', '2013-01-01', '2013-03-31'),
(33, 2, '51351032360', '2013-01-01', NULL),
(29, 4, '51456992096', '2013-01-01', NULL),
(33, 4, '51744709398', '2013-01-01', NULL),
(12, 3, '52295105301', '2013-01-01', '2013-03-31'),
(32, 5, '52501459468', '2013-01-01', NULL),
(25, 2, '52662008025', '2013-01-01', NULL),
(34, 3, '52813136254', '2013-01-01', NULL),
(19, 6, '53453451631', '2013-01-01', NULL),
(35, 3, '53527545978', '2013-04-01', NULL),
(7, 4, '54458588598', '2013-07-01', '2013-09-30'),
(17, 4, '54637882443', '2013-01-01', NULL),
(3, 1, '55910612508', '2013-04-01', NULL),
(7, 5, '56140388973', '2013-04-01', NULL),
(29, 1, '56166044209', '2013-04-01', '2013-06-30'),
(22, 5, '5678982292', '2013-04-01', NULL),
(24, 2, '57003411517', '2013-04-01', NULL),
(20, 2, '57316520025', '2013-01-01', NULL),
(17, 5, '57998320700', '2013-01-01', NULL),
(26, 1, '58303810151', '2013-01-01', '2013-03-31'),
(15, 6, '58525719361', '2013-01-01', NULL),
(31, 3, '58883551190', '2013-07-01', NULL),
(23, 4, '58913445155', '2013-01-01', NULL),
(5, 6, '59675405416', '2013-01-01', NULL),
(39, 4, '61860389878', '2013-01-01', '2013-03-31'),
(36, 2, '62621275580', '2013-01-01', NULL),
(6, 1, '63071206922', '2013-01-01', '2013-03-31'),
(2, 4, '63184646762', '2013-01-01', '2013-03-31'),
(20, 5, '6381832627', '2013-01-01', '2013-03-31'),
(7, 4, '63949368022', '2013-10-01', NULL),
(6, 1, '64007360734', '2013-04-01', NULL),
(6, 3, '64576875012', '2013-04-01', NULL),
(28, 1, '66472400507', '2013-01-01', NULL),
(32, 3, '66813274162', '2013-01-01', '2013-03-31'),
(7, 3, '67143725666', '2013-01-01', '2013-03-31'),
(10, 3, '67171245037', '2013-01-01', NULL),
(26, 2, '68301187705', '2013-01-01', NULL),
(38, 4, '68728997436', '2013-01-01', NULL),
(30, 4, '69806433347', '2013-01-01', NULL),
(14, 3, '69921927591', '2013-01-01', '2013-03-31'),
(38, 1, '70016975766', '2013-10-01', NULL),
(7, 3, '70532588540', '2013-04-01', NULL),
(3, 6, '71736850935', '2013-04-01', NULL),
(15, 2, '73328007732', '2013-07-01', '2013-09-30'),
(32, 3, '73425429010', '2013-04-01', NULL),
(22, 6, '73531562344', '2013-01-01', '2013-03-31'),
(14, 5, '73616175049', '2013-04-01', '2013-06-30'),
(15, 2, '73676803031', '2013-10-01', NULL),
(10, 5, '73757794940', '2013-01-01', NULL),
(3, 2, '74593208240', '2013-04-01', NULL),
(22, 1, '74746315437', '2013-01-01', NULL),
(8, 4, '7579738095', '2013-01-01', NULL),
(22, 6, '76636425383', '2013-04-01', NULL),
(6, 6, '76814042196', '2013-01-01', NULL),
(26, 1, '77143052012', '2013-04-01', NULL),
(12, 3, '77182774690', '2013-04-01', NULL),
(21, 5, '7810762718', '2013-07-01', '2013-09-30'),
(19, 4, '78674315827', '2013-01-01', NULL),
(14, 1, '79106302446', '2013-07-01', NULL),
(12, 6, '79386273007', '2013-07-01', NULL),
(4, 1, '79757084306', '2013-01-01', NULL),
(8, 3, '80004677344', '2013-04-01', NULL),
(17, 3, '80202488582', '2013-01-01', NULL),
(1, 5, '80238561779', '2013-01-01', NULL),
(21, 5, '80566658806', '2013-10-01', NULL),
(8, 6, '80615573078', '2013-04-01', '2013-06-30'),
(23, 3, '8098144650', '2013-07-01', NULL),
(6, 4, '81006903090', '2013-01-01', NULL),
(14, 3, '83666422389', '2013-04-01', NULL),
(29, 1, '83856580857', '2013-07-01', '2013-09-30'),
(25, 1, '84431822490', '2013-01-01', NULL),
(14, 6, '84583639804', '2013-01-01', NULL),
(19, 2, '85261197560', '2013-01-01', NULL),
(8, 6, '85460676053', '2013-07-01', NULL),
(20, 6, '85563159813', '2013-04-01', '2013-06-30'),
(2, 4, '85759822824', '2013-04-01', NULL),
(20, 6, '85776803629', '2013-07-01', NULL),
(13, 5, '86924486595', '2013-04-01', NULL),
(8, 5, '87539746786', '2013-04-01', NULL),
(39, 4, '87794927961', '2013-04-01', NULL),
(39, 6, '87866903364', '2013-01-01', NULL),
(29, 1, '88860729605', '2013-10-01', NULL),
(27, 5, '89738059313', '2013-01-01', '2013-03-31'),
(14, 5, '90510184308', '2013-07-01', NULL),
(6, 2, '9102821265', '2013-01-01', NULL),
(14, 2, '91296734559', '2013-01-01', NULL),
(19, 3, '92103750903', '2013-04-01', NULL),
(7, 6, '92148102905', '2013-01-01', NULL),
(11, 5, '9254397926', '2013-01-01', '2013-03-31'),
(35, 1, '9356025987', '2013-04-01', NULL),
(1, 3, '94318422297', '2013-01-01', NULL),
(2, 3, '95092676389', '2013-01-01', NULL),
(11, 5, '95463988739', '2013-04-01', NULL),
(20, 5, '96178324703', '2013-04-01', NULL),
(22, 4, '97126897235', '2013-01-01', NULL),
(18, 6, '98217629267', '2013-01-01', NULL),
(24, 5, '98247018641', '2013-01-01', NULL),
(27, 5, '99166741500', '2013-04-01', '2013-06-30'),
(20, 3, '99337157327', '2013-01-01', NULL),
(27, 5, '99387869424', '2013-07-01', NULL);

-- --------------------------------------------------------

--
-- Структура таблицы `selektoriai`
--

CREATE TABLE `selektoriai` (
  `id` int(10) UNSIGNED NOT NULL,
  `grupe` varchar(32) NOT NULL,
  `reiksme` varchar(64) NOT NULL
) ENGINE=InnoDB DEFAULT CHARSET=utf8;

--
-- Дамп данных таблицы `selektoriai`
--

INSERT INTO `selektoriai` (`id`, `grupe`, `reiksme`) VALUES
(1, 'prekiu_grupes', 'kanceliarija'),
(2, 'prekiu_grupes', 'zaislai'),
(3, 'prekiu_grupes', 'knygos'),
(4, 'prekiu_grupes', 'suvenyrai'),
(5, 'rinkos', 'miestai'),
(6, 'rinkos', 'priemiesčiai'),
(7, 'rinkos', 'miesteliai'),
(8, 'rinkos', 'kaimo gyv.');

-- --------------------------------------------------------

--
-- Структура таблицы `tiekejai`
--

CREATE TABLE `tiekejai` (
  `id` int(10) UNSIGNED NOT NULL,
  `tiekejas` varchar(256) NOT NULL,
  `kontaktai` varchar(1024) NOT NULL
) ENGINE=InnoDB DEFAULT CHARSET=utf8;

--
-- Дамп данных таблицы `tiekejai`
--

INSERT INTO `tiekejai` (`id`, `tiekejas`, `kontaktai`) VALUES
(1, 'Garantuota kokybė', 'Liepų 3'),
(2, 'Greitas pristatymas', 'Beržų 4'),
(3, 'Teisinga Kaina', 'Kaštonų 5'),
(4, 'Pilnas servisas', 'Klevų 6'),
(5, 'Atsiskaitymų atidėjimas', 'Ažuolų 7'),
(6, 'Apmokėjimas tik grynais', 'Pušų 8'),
(7, '100% asortimentas', 'Alksnių 9');

-- --------------------------------------------------------

--
-- Структура таблицы `tikrinimo_lentele`
--

CREATE TABLE `tikrinimo_lentele` (
  `id` int(10) UNSIGNED NOT NULL,
  `id_prekes` int(10) UNSIGNED DEFAULT NULL,
  `id_tiekejo` int(10) UNSIGNED DEFAULT NULL,
  `barkodas` float UNSIGNED DEFAULT NULL,
  `nuo_datos` date DEFAULT NULL,
  `id_prekiu_grupes` int(10) UNSIGNED DEFAULT NULL
) ENGINE=InnoDB DEFAULT CHARSET=utf8mb4;

--
-- Дамп данных таблицы `tikrinimo_lentele`
--

INSERT INTO `tikrinimo_lentele` (`id`, `id_prekes`, `id_tiekejo`, `barkodas`, `nuo_datos`, `id_prekiu_grupes`) VALUES
(1, 1, 2, 45831200000, '2013-01-01', 1),
(2, 1, 5, 80238600000, '2013-01-01', 1),
(3, 1, 3, 94318400000, '2013-01-01', 1),
(4, 2, 6, 28368200000, '2013-01-01', 1),
(5, 2, 4, 63184600000, '2013-01-01', 1),
(6, 2, 4, 85759800000, '2013-04-01', 1),
(7, 2, 3, 95092700000, '2013-01-01', 1),
(8, 3, 1, 12294600000, '2013-01-01', 1),
(9, 3, 2, 28068800000, '2013-01-01', 1),
(10, 3, 6, 4201700000, '2013-01-01', 1),
(11, 3, 1, 55910600000, '2013-04-01', 1),
(12, 3, 6, 71736900000, '2013-04-01', 1),
(13, 3, 2, 74593200000, '2013-04-01', 1),
(14, 4, 4, 23187900000, '2013-01-01', 1),
(15, 4, 5, 33494100000, '2013-01-01', 1),
(16, 4, 5, 43583300000, '2013-04-01', 1),
(17, 4, 1, 79757100000, '2013-01-01', 1),
(18, 5, 2, 1053780000, '2013-01-01', 1),
(19, 5, 5, 22769100000, '2013-01-01', 1),
(20, 5, 1, 40576200000, '2013-01-01', 1),
(21, 5, 6, 59675400000, '2013-01-01', 1),
(22, 6, 3, 51306300000, '2013-01-01', 1),
(23, 6, 1, 63071200000, '2013-01-01', 1),
(24, 6, 1, 64007400000, '2013-04-01', 1),
(25, 6, 3, 64576900000, '2013-04-01', 1),
(26, 6, 6, 76814000000, '2013-01-01', 1),
(27, 6, 4, 81006900000, '2013-01-01', 1),
(28, 6, 2, 9102820000, '2013-01-01', 1),
(29, 7, 5, 18934600000, '2013-01-01', 1),
(30, 7, 2, 2681720000, '2013-01-01', 1),
(31, 7, 4, 46508800000, '2013-01-01', 1),
(32, 7, 4, 50450300000, '2013-04-01', 1),
(33, 7, 4, 54458600000, '2013-07-01', 1),
(34, 7, 5, 56140400000, '2013-04-01', 1),
(35, 7, 4, 63949400000, '2013-10-01', 1),
(36, 7, 3, 67143700000, '2013-01-01', 1),
(37, 7, 3, 70532600000, '2013-04-01', 1),
(38, 7, 6, 92148100000, '2013-01-01', 1),
(39, 8, 5, 18875700000, '2013-01-01', 1),
(40, 8, 6, 2569740000, '2013-01-01', 1),
(41, 8, 3, 41584400000, '2013-01-01', 1),
(42, 8, 4, 7579740000, '2013-01-01', 1),
(43, 8, 3, 80004700000, '2013-04-01', 1),
(44, 8, 6, 80615600000, '2013-04-01', 1),
(45, 8, 6, 85460700000, '2013-07-01', 1),
(46, 8, 5, 87539700000, '2013-04-01', 1),
(47, 9, 5, 20997900000, '2013-01-01', 1),
(48, 9, 6, 28285500000, '2013-01-01', 1),
(49, 9, 3, 4592710000, '2013-01-01', 1),
(50, 10, 2, 17594500000, '2013-01-01', 1),
(51, 10, 2, 23051400000, '2013-04-01', 1),
(52, 10, 3, 67171200000, '2013-01-01', 1),
(53, 10, 5, 73757800000, '2013-01-01', 1),
(54, 11, 3, 24375800000, '2013-01-01', 1),
(55, 11, 5, 9254400000, '2013-01-01', 1),
(56, 11, 5, 95464000000, '2013-04-01', 1),
(57, 12, 2, 16924800000, '2013-01-01', 2),
(58, 12, 6, 33996400000, '2013-01-01', 2),
(59, 12, 4, 44295300000, '2013-01-01', 2),
(60, 12, 6, 47691800000, '2013-04-01', 2),
(61, 12, 2, 50363000000, '2013-04-01', 2),
(62, 12, 3, 52295100000, '2013-01-01', 2),
(63, 12, 3, 77182800000, '2013-04-01', 2),
(64, 12, 6, 79386300000, '2013-07-01', 2),
(65, 13, 6, 22955700000, '2013-01-01', 2),
(66, 13, 4, 25455700000, '2013-01-01', 2),
(67, 13, 6, 35953100000, '2013-04-01', 2),
(68, 13, 5, 43640100000, '2013-01-01', 2),
(69, 13, 5, 86924500000, '2013-04-01', 2),
(70, 14, 1, 19516600000, '2013-01-01', 2),
(71, 14, 4, 26492400000, '2013-01-01', 2),
(72, 14, 1, 31126200000, '2013-04-01', 2),
(73, 14, 5, 33172700000, '2013-01-01', 2),
(74, 14, 3, 69921900000, '2013-01-01', 2),
(75, 14, 5, 73616200000, '2013-04-01', 2),
(76, 14, 1, 79106300000, '2013-07-01', 2),
(77, 14, 3, 83666400000, '2013-04-01', 2),
(78, 14, 6, 84583600000, '2013-01-01', 2),
(79, 14, 5, 90510200000, '2013-07-01', 2),
(80, 14, 2, 91296700000, '2013-01-01', 2),
(81, 15, 2, 23986500000, '2013-01-01', 2),
(82, 15, 3, 25242900000, '2013-01-01', 2),
(83, 15, 4, 2569220000, '2013-01-01', 2),
(84, 15, 2, 27532400000, '2013-04-01', 2),
(85, 15, 6, 58525700000, '2013-01-01', 2),
(86, 15, 2, 73328000000, '2013-07-01', 2),
(87, 15, 2, 73676800000, '2013-10-01', 2),
(88, 16, 4, 1480600000, '2013-01-01', 2),
(89, 17, 1, 11425700000, '2013-01-01', 2),
(90, 17, 6, 48885700000, '2013-01-01', 2),
(91, 17, 4, 54637900000, '2013-01-01', 2),
(92, 17, 5, 57998300000, '2013-01-01', 2),
(93, 17, 3, 80202500000, '2013-01-01', 2),
(94, 18, 6, 98217600000, '2013-01-01', 2),
(95, 19, 3, 42630900000, '2013-01-01', 2),
(96, 19, 6, 53453500000, '2013-01-01', 2),
(97, 19, 4, 78674300000, '2013-01-01', 2),
(98, 19, 2, 85261200000, '2013-01-01', 2),
(99, 19, 3, 92103800000, '2013-04-01', 2),
(100, 20, 6, 33003900000, '2013-01-01', 2),
(101, 20, 2, 57316500000, '2013-01-01', 2),
(102, 20, 5, 6381830000, '2013-01-01', 2),
(103, 20, 6, 85563200000, '2013-04-01', 2),
(104, 20, 6, 85776800000, '2013-07-01', 2),
(105, 20, 5, 96178300000, '2013-04-01', 2),
(106, 20, 3, 99337200000, '2013-01-01', 2),
(107, 21, 5, 19579900000, '2013-01-01', 2),
(108, 21, 5, 32626900000, '2013-04-01', 2),
(109, 21, 5, 7810760000, '2013-07-01', 2),
(110, 21, 5, 80566700000, '2013-10-01', 2),
(111, 22, 5, 23695200000, '2013-01-01', 3),
(112, 22, 3, 31428300000, '2013-01-01', 3),
(113, 22, 5, 5678980000, '2013-04-01', 3),
(114, 22, 6, 73531600000, '2013-01-01', 3),
(115, 22, 1, 74746300000, '2013-01-01', 3),
(116, 22, 6, 76636400000, '2013-04-01', 3),
(117, 22, 4, 97126900000, '2013-01-01', 3),
(118, 23, 3, 23217900000, '2013-01-01', 3),
(119, 23, 3, 43404900000, '2013-04-01', 3),
(120, 23, 6, 45769500000, '2013-01-01', 3),
(121, 23, 4, 58913400000, '2013-01-01', 3),
(122, 23, 3, 8098140000, '2013-07-01', 3),
(123, 24, 2, 27410000000, '2013-01-01', 3),
(124, 24, 3, 32474400000, '2013-01-01', 3),
(125, 24, 2, 57003400000, '2013-04-01', 3),
(126, 24, 5, 98247000000, '2013-01-01', 3),
(127, 25, 3, 21165400000, '2013-01-01', 3),
(128, 25, 3, 51071800000, '2013-04-01', 3),
(129, 25, 2, 52662000000, '2013-01-01', 3),
(130, 25, 1, 84431800000, '2013-01-01', 3),
(131, 26, 5, 10394200000, '2013-01-01', 3),
(132, 26, 1, 58303800000, '2013-01-01', 3),
(133, 26, 2, 68301200000, '2013-01-01', 3),
(134, 26, 1, 77143000000, '2013-04-01', 3),
(135, 27, 6, 29537700000, '2013-01-01', 3),
(136, 27, 1, 43268300000, '2013-01-01', 3),
(137, 27, 5, 89738100000, '2013-01-01', 3),
(138, 27, 5, 99166700000, '2013-04-01', 3),
(139, 27, 5, 99387900000, '2013-07-01', 3),
(140, 28, 5, 26763900000, '2013-01-01', 3),
(141, 28, 1, 66472400000, '2013-01-01', 3),
(142, 29, 6, 18597000000, '2013-01-01', 3),
(143, 29, 1, 24306300000, '2013-01-01', 3),
(144, 29, 5, 38261400000, '2013-01-01', 3),
(145, 29, 4, 51457000000, '2013-01-01', 3),
(146, 29, 1, 56166000000, '2013-04-01', 3),
(147, 29, 1, 83856600000, '2013-07-01', 3),
(148, 29, 1, 88860700000, '2013-10-01', 3),
(149, 30, 2, 12627700000, '2013-01-01', 3),
(150, 30, 4, 69806400000, '2013-01-01', 3),
(151, 31, 3, 13106600000, '2013-01-01', 3),
(152, 31, 3, 13227700000, '2013-04-01', 3),
(153, 31, 4, 16959500000, '2013-01-01', 3),
(154, 31, 1, 18425500000, '2013-01-01', 3),
(155, 31, 1, 31025000000, '2013-04-01', 3),
(156, 31, 2, 3571680000, '2013-01-01', 3),
(157, 31, 4, 38912000000, '2013-04-01', 3),
(158, 31, 3, 58883600000, '2013-07-01', 3),
(159, 32, 5, 52501500000, '2013-01-01', 4),
(160, 32, 3, 66813300000, '2013-01-01', 4),
(161, 32, 3, 73425400000, '2013-04-01', 4),
(162, 33, 3, 42809600000, '2013-01-01', 4),
(163, 33, 2, 51351000000, '2013-01-01', 4),
(164, 33, 4, 51744700000, '2013-01-01', 4),
(165, 34, 5, 10707900000, '2013-01-01', 4),
(166, 34, 4, 18112800000, '2013-01-01', 4),
(167, 34, 6, 23998600000, '2013-01-01', 4),
(168, 34, 3, 52813100000, '2013-01-01', 4),
(169, 35, 1, 12262900000, '2013-01-01', 4),
(170, 35, 3, 21571200000, '2013-01-01', 4),
(171, 35, 5, 42670600000, '2013-01-01', 4),
(172, 35, 3, 53527500000, '2013-04-01', 4),
(173, 35, 1, 9356030000, '2013-04-01', 4),
(174, 36, 2, 62621300000, '2013-01-01', 4),
(175, 37, 2, 13327900000, '2013-01-01', 4),
(176, 37, 4, 26153700000, '2013-01-01', 4),
(177, 38, 1, 17517100000, '2013-01-01', 4),
(178, 38, 3, 20712700000, '2013-01-01', 4),
(179, 38, 2, 31785800000, '2013-01-01', 4),
(180, 38, 1, 33274400000, '2013-04-01', 4),
(181, 38, 1, 34172100000, '2013-07-01', 4),
(182, 38, 4, 68729000000, '2013-01-01', 4),
(183, 38, 1, 70017000000, '2013-10-01', 4),
(184, 39, 2, 18606500000, '2013-01-01', 4),
(185, 39, 2, 27635100000, '2013-04-01', 4),
(186, 39, 2, 37518500000, '2013-07-01', 4),
(187, 39, 5, 43211400000, '2013-01-01', 4),
(188, 39, 4, 61860400000, '2013-01-01', 4),
(189, 39, 4, 87794900000, '2013-04-01', 4),
(190, 39, 6, 87866900000, '2013-01-01', 4),
(191, 40, NULL, NULL, NULL, 4);

-- --------------------------------------------------------

--
-- Структура таблицы `tmp_prekes_tiekejai_su_up1_barkodu`
--

CREATE TABLE `tmp_prekes_tiekejai_su_up1_barkodu` (
  `id` int(10) UNSIGNED NOT NULL,
  `id_prekes` int(10) UNSIGNED NOT NULL,
  `barkodu` int(10) UNSIGNED NOT NULL
) ENGINE=InnoDB DEFAULT CHARSET=utf8mb4;

--
-- Дамп данных таблицы `tmp_prekes_tiekejai_su_up1_barkodu`
--

INSERT INTO `tmp_prekes_tiekejai_su_up1_barkodu` (`id`, `id_prekes`, `barkodu`) VALUES
(1, 1, 3),
(2, 2, 4),
(3, 3, 6),
(4, 4, 4),
(5, 5, 4),
(6, 6, 7),
(7, 7, 10),
(8, 8, 8),
(9, 9, 3),
(10, 10, 4),
(11, 11, 3),
(12, 12, 8),
(13, 13, 5),
(14, 14, 11),
(15, 15, 7),
(16, 17, 5),
(17, 19, 5),
(18, 20, 7),
(19, 21, 4),
(20, 22, 7),
(21, 23, 5),
(22, 24, 4),
(23, 25, 4),
(24, 26, 4),
(25, 27, 5),
(26, 28, 2),
(27, 29, 7),
(28, 30, 2),
(29, 31, 8),
(30, 32, 3),
(31, 33, 3),
(32, 34, 4),
(33, 35, 5),
(34, 37, 2),
(35, 38, 7),
(36, 39, 7);

-- --------------------------------------------------------

--
-- Структура таблицы `ts_periodai`
--

CREATE TABLE `ts_periodai` (
  `id` int(10) UNSIGNED NOT NULL,
  `period` int(10) UNSIGNED NOT NULL,
  `flag_gav_pard` tinyint(3) UNSIGNED NOT NULL DEFAULT 10
) ENGINE=InnoDB DEFAULT CHARSET=utf8mb4;

--
-- Дамп данных таблицы `ts_periodai`
--

INSERT INTO `ts_periodai` (`id`, `period`, `flag_gav_pard`) VALUES
(17, 201301, 11),
(18, 201302, 11),
(19, 201303, 11),
(20, 201304, 11),
(21, 201305, 11),
(22, 201306, 11),
(23, 201307, 11),
(24, 201308, 11),
(25, 201309, 11),
(26, 201310, 11),
(27, 201311, 11);

--
-- Индексы сохранённых таблиц
--

--
-- Индексы таблицы `balanso_lentele`
--
ALTER TABLE `balanso_lentele`
  ADD PRIMARY KEY (`id`),
  ADD UNIQUE KEY `menuo` (`menuo`,`id_prekes`);

--
-- Индексы таблицы `prekes`
--
ALTER TABLE `prekes`
  ADD PRIMARY KEY (`id`),
  ADD KEY `id_grupes` (`id_grupes`);

--
-- Индексы таблицы `prekes_gavimai`
--
ALTER TABLE `prekes_gavimai`
  ADD PRIMARY KEY (`id`),
  ADD KEY `barkodas` (`barkodas`);

--
-- Индексы таблицы `prekes_pardavimai`
--
ALTER TABLE `prekes_pardavimai`
  ADD PRIMARY KEY (`id`),
  ADD KEY `id_prekes_gavimo` (`id_prekes_gavimo`);

--
-- Индексы таблицы `prekes_rinkos`
--
ALTER TABLE `prekes_rinkos`
  ADD KEY `id_prekes` (`id_prekes`),
  ADD KEY `id_rinkos` (`id_rinkos`),
  ADD KEY `nuo_datos` (`nuo_datos`),
  ADD KEY `iki_datos` (`iki_datos`);

--
-- Индексы таблицы `prekes_tiekejai`
--
ALTER TABLE `prekes_tiekejai`
  ADD PRIMARY KEY (`barkodas`),
  ADD KEY `id_tiekejo` (`id_tiekejo`),
  ADD KEY `id_prekes` (`id_prekes`),
  ADD KEY `nuo_datos` (`nuo_datos`),
  ADD KEY `iki_datos` (`iki_datos`);

--
-- Индексы таблицы `selektoriai`
--
ALTER TABLE `selektoriai`
  ADD PRIMARY KEY (`id`),
  ADD KEY `grupe` (`grupe`);

--
-- Индексы таблицы `tiekejai`
--
ALTER TABLE `tiekejai`
  ADD PRIMARY KEY (`id`);

--
-- Индексы таблицы `tikrinimo_lentele`
--
ALTER TABLE `tikrinimo_lentele`
  ADD PRIMARY KEY (`id`);

--
-- Индексы таблицы `tmp_prekes_tiekejai_su_up1_barkodu`
--
ALTER TABLE `tmp_prekes_tiekejai_su_up1_barkodu`
  ADD PRIMARY KEY (`id`),
  ADD KEY `tmp_prekes_tiekejai_su_up1_barkodu_ibfk_1` (`id_prekes`);

--
-- Индексы таблицы `ts_periodai`
--
ALTER TABLE `ts_periodai`
  ADD PRIMARY KEY (`id`),
  ADD UNIQUE KEY `period` (`period`);

--
-- AUTO_INCREMENT для сохранённых таблиц
--

--
-- AUTO_INCREMENT для таблицы `balanso_lentele`
--
ALTER TABLE `balanso_lentele`
  MODIFY `id` int(10) UNSIGNED NOT NULL AUTO_INCREMENT, AUTO_INCREMENT=1024;

--
-- AUTO_INCREMENT для таблицы `prekes`
--
ALTER TABLE `prekes`
  MODIFY `id` int(10) UNSIGNED NOT NULL AUTO_INCREMENT, AUTO_INCREMENT=41;

--
-- AUTO_INCREMENT для таблицы `prekes_gavimai`
--
ALTER TABLE `prekes_gavimai`
  MODIFY `id` int(10) UNSIGNED NOT NULL AUTO_INCREMENT, AUTO_INCREMENT=761;

--
-- AUTO_INCREMENT для таблицы `prekes_pardavimai`
--
ALTER TABLE `prekes_pardavimai`
  MODIFY `id` int(11) NOT NULL AUTO_INCREMENT, AUTO_INCREMENT=1521;

--
-- AUTO_INCREMENT для таблицы `selektoriai`
--
ALTER TABLE `selektoriai`
  MODIFY `id` int(10) UNSIGNED NOT NULL AUTO_INCREMENT, AUTO_INCREMENT=9;

--
-- AUTO_INCREMENT для таблицы `tiekejai`
--
ALTER TABLE `tiekejai`
  MODIFY `id` int(10) UNSIGNED NOT NULL AUTO_INCREMENT, AUTO_INCREMENT=8;

--
-- AUTO_INCREMENT для таблицы `tikrinimo_lentele`
--
ALTER TABLE `tikrinimo_lentele`
  MODIFY `id` int(10) UNSIGNED NOT NULL AUTO_INCREMENT, AUTO_INCREMENT=192;

--
-- AUTO_INCREMENT для таблицы `tmp_prekes_tiekejai_su_up1_barkodu`
--
ALTER TABLE `tmp_prekes_tiekejai_su_up1_barkodu`
  MODIFY `id` int(10) UNSIGNED NOT NULL AUTO_INCREMENT, AUTO_INCREMENT=37;

--
-- AUTO_INCREMENT для таблицы `ts_periodai`
--
ALTER TABLE `ts_periodai`
  MODIFY `id` int(10) UNSIGNED NOT NULL AUTO_INCREMENT, AUTO_INCREMENT=33;

--
-- Ограничения внешнего ключа сохраненных таблиц
--

--
-- Ограничения внешнего ключа таблицы `prekes_gavimai`
--
ALTER TABLE `prekes_gavimai`
  ADD CONSTRAINT `prekes_gavimai_ibfk_1` FOREIGN KEY (`barkodas`) REFERENCES `prekes_tiekejai` (`barkodas`) ON UPDATE CASCADE;

--
-- Ограничения внешнего ключа таблицы `prekes_pardavimai`
--
ALTER TABLE `prekes_pardavimai`
  ADD CONSTRAINT `prekes_pardavimai_ibfk_1` FOREIGN KEY (`id_prekes_gavimo`) REFERENCES `prekes_gavimai` (`id`);

--
-- Ограничения внешнего ключа таблицы `prekes_tiekejai`
--
ALTER TABLE `prekes_tiekejai`
  ADD CONSTRAINT `prekes_tiekejai_ibfk_1` FOREIGN KEY (`id_tiekejo`) REFERENCES `tiekejai` (`id`) ON UPDATE CASCADE,
  ADD CONSTRAINT `prekes_tiekejai_ibfk_2` FOREIGN KEY (`id_prekes`) REFERENCES `prekes` (`id`) ON UPDATE CASCADE;

--
-- Ограничения внешнего ключа таблицы `tmp_prekes_tiekejai_su_up1_barkodu`
--
ALTER TABLE `tmp_prekes_tiekejai_su_up1_barkodu`
  ADD CONSTRAINT `tmp_prekes_tiekejai_su_up1_barkodu_ibfk_1` FOREIGN KEY (`id_prekes`) REFERENCES `prekes_tiekejai` (`id_prekes`);
COMMIT;

/*!40101 SET CHARACTER_SET_CLIENT=@OLD_CHARACTER_SET_CLIENT */;
/*!40101 SET CHARACTER_SET_RESULTS=@OLD_CHARACTER_SET_RESULTS */;
/*!40101 SET COLLATION_CONNECTION=@OLD_COLLATION_CONNECTION */;
